home_team_id;away_team_id;home_team_goals;away_team_goals;start_at;finished_at;current_time;stage_id
11;95;1;0;2022-10-26T22:29:12.452Z;2022-10-26T23:59:12.452Z;2022-10-26T22:29:12.452Z;49
35;88;0;4;2022-10-26T22:29:12.452Z;2022-10-26T23:59:12.452Z;2022-10-26T22:29:12.452Z;9
26;84;5;4;2022-10-26T22:29:12.452Z;2022-10-26T23:59:12.452Z;2022-10-26T22:29:12.452Z;57
30;82;2;1;2022-10-26T22:29:12.452Z;2022-10-26T23:59:12.452Z;2022-10-26T22:29:12.452Z;75
35;52;3;4;2022-10-26T22:29:12.452Z;2022-10-26T23:59:12.452Z;2022-10-26T22:29:12.452Z;18
15;78;2;1;2022-10-26T22:29:12.452Z;2022-10-26T23:59:12.452Z;2022-10-26T22:29:12.452Z;63
40;75;2;1;2022-10-26T22:29:12.452Z;2022-10-26T23:59:12.452Z;2022-10-26T22:29:12.452Z;57
39;97;2;4;2022-10-26T22:29:12.452Z;2022-10-26T23:59:12.452Z;2022-10-26T22:29:12.452Z;91
15;89;3;3;2022-10-26T22:29:12.452Z;2022-10-26T23:59:12.452Z;2022-10-26T22:29:12.452Z;60
28;69;5;4;2022-10-26T22:29:12.452Z;2022-10-26T23:59:12.452Z;2022-10-26T22:29:12.452Z;10
8;67;3;4;2022-10-26T22:29:12.452Z;2022-10-26T23:59:12.452Z;2022-10-26T22:29:12.452Z;22
30;84;5;2;2022-10-26T22:29:12.452Z;2022-10-26T23:59:12.452Z;2022-10-26T22:29:12.452Z;29
38;54;4;3;2022-10-26T22:29:12.452Z;2022-10-26T23:59:12.452Z;2022-10-26T22:29:12.452Z;65
44;63;3;5;2022-10-26T22:29:12.452Z;2022-10-26T23:59:12.452Z;2022-10-26T22:29:12.452Z;78
24;98;4;2;2022-10-26T22:29:12.452Z;2022-10-26T23:59:12.452Z;2022-10-26T22:29:12.452Z;20
20;87;5;4;2022-10-26T22:29:12.452Z;2022-10-26T23:59:12.452Z;2022-10-26T22:29:12.452Z;89
18;81;4;0;2022-10-26T22:29:12.452Z;2022-10-26T23:59:12.452Z;2022-10-26T22:29:12.452Z;53
50;90;0;4;2022-10-26T22:29:12.452Z;2022-10-26T23:59:12.452Z;2022-10-26T22:29:12.452Z;93
14;63;5;4;2022-10-26T22:29:12.452Z;2022-10-26T23:59:12.452Z;2022-10-26T22:29:12.452Z;49
39;80;0;1;2022-10-26T22:29:12.452Z;2022-10-26T23:59:12.452Z;2022-10-26T22:29:12.452Z;13
31;79;5;3;2022-10-26T22:29:12.452Z;2022-10-26T23:59:12.452Z;2022-10-26T22:29:12.452Z;84
43;61;5;3;2022-10-26T22:29:12.452Z;2022-10-26T23:59:12.452Z;2022-10-26T22:29:12.452Z;94
2;65;2;0;2022-10-26T22:29:12.452Z;2022-10-26T23:59:12.452Z;2022-10-26T22:29:12.452Z;75
27;84;2;3;2022-10-26T22:29:12.452Z;2022-10-26T23:59:12.452Z;2022-10-26T22:29:12.452Z;85
25;72;3;1;2022-10-26T22:29:12.452Z;2022-10-26T23:59:12.452Z;2022-10-26T22:29:12.452Z;15
47;55;3;3;2022-10-26T22:29:12.452Z;2022-10-26T23:59:12.452Z;2022-10-26T22:29:12.452Z;95
26;68;1;1;2022-10-26T22:29:12.452Z;2022-10-26T23:59:12.452Z;2022-10-26T22:29:12.452Z;76
33;87;0;2;2022-10-26T22:29:12.452Z;2022-10-26T23:59:12.452Z;2022-10-26T22:29:12.452Z;70
2;62;2;1;2022-10-26T22:29:12.452Z;2022-10-26T23:59:12.452Z;2022-10-26T22:29:12.452Z;44
11;97;1;4;2022-10-26T22:29:12.452Z;2022-10-26T23:59:12.452Z;2022-10-26T22:29:12.452Z;36
18;64;2;3;2022-10-26T22:29:12.452Z;2022-10-26T23:59:12.452Z;2022-10-26T22:29:12.452Z;36
28;52;2;3;2022-10-26T22:29:12.452Z;2022-10-26T23:59:12.452Z;2022-10-26T22:29:12.452Z;75
40;99;3;1;2022-10-26T22:29:12.452Z;2022-10-26T23:59:12.452Z;2022-10-26T22:29:12.452Z;38
25;57;2;3;2022-10-26T22:29:12.452Z;2022-10-26T23:59:12.452Z;2022-10-26T22:29:12.452Z;40
12;56;5;5;2022-10-26T22:29:12.452Z;2022-10-26T23:59:12.452Z;2022-10-26T22:29:12.452Z;57
40;86;5;1;2022-10-26T22:29:12.452Z;2022-10-26T23:59:12.452Z;2022-10-26T22:29:12.452Z;98
32;64;1;4;2022-10-26T22:29:12.452Z;2022-10-26T23:59:12.452Z;2022-10-26T22:29:12.452Z;20
46;56;2;5;2022-10-26T22:29:12.452Z;2022-10-26T23:59:12.452Z;2022-10-26T22:29:12.452Z;32
50;62;4;0;2022-10-26T22:29:12.452Z;2022-10-26T23:59:12.452Z;2022-10-26T22:29:12.452Z;91
49;98;1;1;2022-10-26T22:29:12.452Z;2022-10-26T23:59:12.452Z;2022-10-26T22:29:12.452Z;18
18;86;2;3;2022-10-26T22:29:12.452Z;2022-10-26T23:59:12.452Z;2022-10-26T22:29:12.452Z;80
16;69;4;4;2022-10-26T22:29:12.452Z;2022-10-26T23:59:12.452Z;2022-10-26T22:29:12.452Z;8
3;69;1;0;2022-10-26T22:29:12.452Z;2022-10-26T23:59:12.452Z;2022-10-26T22:29:12.452Z;60
17;88;2;0;2022-10-26T22:29:12.452Z;2022-10-26T23:59:12.452Z;2022-10-26T22:29:12.452Z;27
48;74;5;2;2022-10-26T22:29:12.452Z;2022-10-26T23:59:12.452Z;2022-10-26T22:29:12.452Z;66
12;55;0;0;2022-10-26T22:29:12.452Z;2022-10-26T23:59:12.452Z;2022-10-26T22:29:12.452Z;9
14;76;1;0;2022-10-26T22:29:12.452Z;2022-10-26T23:59:12.452Z;2022-10-26T22:29:12.452Z;22
44;72;1;1;2022-10-26T22:29:12.452Z;2022-10-26T23:59:12.452Z;2022-10-26T22:29:12.452Z;93
2;54;0;4;2022-10-26T22:29:12.452Z;2022-10-26T23:59:12.452Z;2022-10-26T22:29:12.452Z;3
28;70;0;3;2022-10-26T22:29:12.452Z;2022-10-26T23:59:12.452Z;2022-10-26T22:29:12.452Z;85
24;90;3;2;2022-10-26T22:29:12.452Z;2022-10-26T23:59:12.452Z;2022-10-26T22:29:12.452Z;29
26;61;2;2;2022-10-26T22:29:12.452Z;2022-10-26T23:59:12.452Z;2022-10-26T22:29:12.452Z;67
17;98;5;4;2022-10-26T22:29:12.452Z;2022-10-26T23:59:12.452Z;2022-10-26T22:29:12.452Z;99
14;85;1;1;2022-10-26T22:29:12.452Z;2022-10-26T23:59:12.452Z;2022-10-26T22:29:12.452Z;60
41;89;0;1;2022-10-26T22:29:12.452Z;2022-10-26T23:59:12.452Z;2022-10-26T22:29:12.452Z;80
19;56;1;4;2022-10-26T22:29:12.452Z;2022-10-26T23:59:12.452Z;2022-10-26T22:29:12.452Z;90
30;70;3;4;2022-10-26T22:29:12.452Z;2022-10-26T23:59:12.452Z;2022-10-26T22:29:12.452Z;36
42;69;3;1;2022-10-26T22:29:12.452Z;2022-10-26T23:59:12.452Z;2022-10-26T22:29:12.452Z;23
2;64;2;3;2022-10-26T22:29:12.452Z;2022-10-26T23:59:12.452Z;2022-10-26T22:29:12.452Z;90
31;76;4;4;2022-10-26T22:29:12.452Z;2022-10-26T23:59:12.452Z;2022-10-26T22:29:12.452Z;82
12;94;2;4;2022-10-26T22:29:12.452Z;2022-10-26T23:59:12.452Z;2022-10-26T22:29:12.452Z;38
27;90;5;2;2022-10-26T22:29:12.452Z;2022-10-26T23:59:12.452Z;2022-10-26T22:29:12.452Z;76
36;91;4;0;2022-10-26T22:29:12.452Z;2022-10-26T23:59:12.452Z;2022-10-26T22:29:12.452Z;85
32;77;2;3;2022-10-26T22:29:12.452Z;2022-10-26T23:59:12.452Z;2022-10-26T22:29:12.452Z;57
22;75;0;4;2022-10-26T22:29:12.452Z;2022-10-26T23:59:12.452Z;2022-10-26T22:29:12.452Z;21
24;76;0;1;2022-10-26T22:29:12.452Z;2022-10-26T23:59:12.452Z;2022-10-26T22:29:12.452Z;49
39;73;5;1;2022-10-26T22:29:12.452Z;2022-10-26T23:59:12.452Z;2022-10-26T22:29:12.452Z;50
28;84;2;3;2022-10-26T22:29:12.452Z;2022-10-26T23:59:12.452Z;2022-10-26T22:29:12.452Z;95
46;56;5;3;2022-10-26T22:29:12.452Z;2022-10-26T23:59:12.452Z;2022-10-26T22:29:12.452Z;71
21;80;5;3;2022-10-26T22:29:12.452Z;2022-10-26T23:59:12.452Z;2022-10-26T22:29:12.452Z;60
45;59;1;4;2022-10-26T22:29:12.452Z;2022-10-26T23:59:12.452Z;2022-10-26T22:29:12.452Z;72
45;67;5;0;2022-10-26T22:29:12.452Z;2022-10-26T23:59:12.452Z;2022-10-26T22:29:12.452Z;36
32;59;5;2;2022-10-26T22:29:12.452Z;2022-10-26T23:59:12.452Z;2022-10-26T22:29:12.452Z;92
23;58;4;1;2022-10-26T22:29:12.452Z;2022-10-26T23:59:12.452Z;2022-10-26T22:29:12.452Z;83
39;70;1;5;2022-10-26T22:29:12.452Z;2022-10-26T23:59:12.452Z;2022-10-26T22:29:12.452Z;53
44;92;5;3;2022-10-26T22:29:12.452Z;2022-10-26T23:59:12.452Z;2022-10-26T22:29:12.452Z;96
33;85;3;0;2022-10-26T22:29:12.452Z;2022-10-26T23:59:12.452Z;2022-10-26T22:29:12.452Z;54
27;73;3;4;2022-10-26T22:29:12.452Z;2022-10-26T23:59:12.452Z;2022-10-26T22:29:12.452Z;100
34;53;4;4;2022-10-26T22:29:12.452Z;2022-10-26T23:59:12.452Z;2022-10-26T22:29:12.452Z;14
37;54;0;5;2022-10-26T22:29:12.452Z;2022-10-26T23:59:12.452Z;2022-10-26T22:29:12.452Z;7
14;75;5;0;2022-10-26T22:29:12.452Z;2022-10-26T23:59:12.452Z;2022-10-26T22:29:12.452Z;1
32;92;1;1;2022-10-26T22:29:12.452Z;2022-10-26T23:59:12.452Z;2022-10-26T22:29:12.452Z;92
28;98;2;5;2022-10-26T22:29:12.452Z;2022-10-26T23:59:12.452Z;2022-10-26T22:29:12.452Z;84
31;80;5;3;2022-10-26T22:29:12.452Z;2022-10-26T23:59:12.452Z;2022-10-26T22:29:12.452Z;37
23;50;3;1;2022-10-26T22:29:12.452Z;2022-10-26T23:59:12.452Z;2022-10-26T22:29:12.452Z;46
6;80;5;3;2022-10-26T22:29:12.452Z;2022-10-26T23:59:12.452Z;2022-10-26T22:29:12.452Z;26
21;89;5;2;2022-10-26T22:29:12.452Z;2022-10-26T23:59:12.452Z;2022-10-26T22:29:12.452Z;27
40;80;2;0;2022-10-26T22:29:12.452Z;2022-10-26T23:59:12.452Z;2022-10-26T22:29:12.452Z;84
12;62;2;3;2022-10-26T22:29:12.452Z;2022-10-26T23:59:12.452Z;2022-10-26T22:29:12.452Z;40
45;96;2;3;2022-10-26T22:29:12.452Z;2022-10-26T23:59:12.452Z;2022-10-26T22:29:12.452Z;20
16;78;5;5;2022-10-26T22:29:12.452Z;2022-10-26T23:59:12.452Z;2022-10-26T22:29:12.452Z;45
21;80;5;1;2022-10-26T22:29:12.452Z;2022-10-26T23:59:12.452Z;2022-10-26T22:29:12.452Z;78
11;97;0;5;2022-10-26T22:29:12.452Z;2022-10-26T23:59:12.452Z;2022-10-26T22:29:12.452Z;64
47;80;2;4;2022-10-26T22:29:12.452Z;2022-10-26T23:59:12.452Z;2022-10-26T22:29:12.452Z;65
4;81;3;2;2022-10-26T22:29:12.452Z;2022-10-26T23:59:12.452Z;2022-10-26T22:29:12.452Z;94
11;97;4;4;2022-10-26T22:29:12.453Z;2022-10-26T23:59:12.453Z;2022-10-26T22:29:12.453Z;2
14;99;3;1;2022-10-26T22:29:12.453Z;2022-10-26T23:59:12.453Z;2022-10-26T22:29:12.453Z;6
43;62;4;2;2022-10-26T22:29:12.453Z;2022-10-26T23:59:12.453Z;2022-10-26T22:29:12.453Z;97
14;69;0;2;2022-10-26T22:29:12.453Z;2022-10-26T23:59:12.453Z;2022-10-26T22:29:12.453Z;99
17;80;3;5;2022-10-26T22:29:12.453Z;2022-10-26T23:59:12.453Z;2022-10-26T22:29:12.453Z;58
34;89;0;5;2022-10-26T22:29:12.453Z;2022-10-26T23:59:12.453Z;2022-10-26T22:29:12.453Z;27
50;64;2;5;2022-10-26T22:29:12.453Z;2022-10-26T23:59:12.453Z;2022-10-26T22:29:12.453Z;92
36;64;1;2;2022-10-26T22:29:12.453Z;2022-10-26T23:59:12.453Z;2022-10-26T22:29:12.453Z;88
27;55;5;1;2022-10-26T22:29:12.453Z;2022-10-26T23:59:12.453Z;2022-10-26T22:29:12.453Z;39
24;65;5;4;2022-10-26T22:29:12.453Z;2022-10-26T23:59:12.453Z;2022-10-26T22:29:12.453Z;8
48;57;0;4;2022-10-26T22:29:12.453Z;2022-10-26T23:59:12.453Z;2022-10-26T22:29:12.453Z;1
50;54;3;0;2022-10-26T22:29:12.453Z;2022-10-26T23:59:12.453Z;2022-10-26T22:29:12.453Z;39
27;94;1;2;2022-10-26T22:29:12.453Z;2022-10-26T23:59:12.453Z;2022-10-26T22:29:12.453Z;71
24;63;5;3;2022-10-26T22:29:12.453Z;2022-10-26T23:59:12.453Z;2022-10-26T22:29:12.453Z;49
35;84;5;4;2022-10-26T22:29:12.453Z;2022-10-26T23:59:12.453Z;2022-10-26T22:29:12.453Z;59
23;75;2;0;2022-10-26T22:29:12.453Z;2022-10-26T23:59:12.453Z;2022-10-26T22:29:12.453Z;100
35;76;2;5;2022-10-26T22:29:12.453Z;2022-10-26T23:59:12.453Z;2022-10-26T22:29:12.453Z;23
6;50;0;0;2022-10-26T22:29:12.453Z;2022-10-26T23:59:12.453Z;2022-10-26T22:29:12.453Z;32
47;52;4;0;2022-10-26T22:29:12.453Z;2022-10-26T23:59:12.453Z;2022-10-26T22:29:12.453Z;94
31;81;5;3;2022-10-26T22:29:12.453Z;2022-10-26T23:59:12.453Z;2022-10-26T22:29:12.453Z;12
12;56;4;5;2022-10-26T22:29:12.453Z;2022-10-26T23:59:12.453Z;2022-10-26T22:29:12.453Z;29
12;100;0;3;2022-10-26T22:29:12.453Z;2022-10-26T23:59:12.453Z;2022-10-26T22:29:12.453Z;34
27;96;0;3;2022-10-26T22:29:12.453Z;2022-10-26T23:59:12.453Z;2022-10-26T22:29:12.453Z;25
44;89;1;3;2022-10-26T22:29:12.453Z;2022-10-26T23:59:12.453Z;2022-10-26T22:29:12.453Z;56
8;57;5;2;2022-10-26T22:29:12.453Z;2022-10-26T23:59:12.453Z;2022-10-26T22:29:12.453Z;8
22;73;0;0;2022-10-26T22:29:12.453Z;2022-10-26T23:59:12.453Z;2022-10-26T22:29:12.453Z;18
15;99;3;2;2022-10-26T22:29:12.453Z;2022-10-26T23:59:12.453Z;2022-10-26T22:29:12.453Z;35
11;90;3;4;2022-10-26T22:29:12.453Z;2022-10-26T23:59:12.453Z;2022-10-26T22:29:12.453Z;18
42;72;5;5;2022-10-26T22:29:12.453Z;2022-10-26T23:59:12.453Z;2022-10-26T22:29:12.453Z;34
26;92;2;4;2022-10-26T22:29:12.453Z;2022-10-26T23:59:12.453Z;2022-10-26T22:29:12.453Z;4
1;90;5;5;2022-10-26T22:29:12.453Z;2022-10-26T23:59:12.453Z;2022-10-26T22:29:12.453Z;71
4;67;3;2;2022-10-26T22:29:12.453Z;2022-10-26T23:59:12.453Z;2022-10-26T22:29:12.453Z;27
44;71;0;0;2022-10-26T22:29:12.453Z;2022-10-26T23:59:12.453Z;2022-10-26T22:29:12.453Z;45
5;81;2;5;2022-10-26T22:29:12.453Z;2022-10-26T23:59:12.453Z;2022-10-26T22:29:12.453Z;64
9;75;4;3;2022-10-26T22:29:12.453Z;2022-10-26T23:59:12.453Z;2022-10-26T22:29:12.453Z;92
19;69;5;5;2022-10-26T22:29:12.453Z;2022-10-26T23:59:12.453Z;2022-10-26T22:29:12.453Z;2
13;92;5;5;2022-10-26T22:29:12.453Z;2022-10-26T23:59:12.453Z;2022-10-26T22:29:12.453Z;40
19;64;2;3;2022-10-26T22:29:12.453Z;2022-10-26T23:59:12.453Z;2022-10-26T22:29:12.453Z;39
6;79;1;5;2022-10-26T22:29:12.453Z;2022-10-26T23:59:12.453Z;2022-10-26T22:29:12.453Z;60
38;71;0;4;2022-10-26T22:29:12.453Z;2022-10-26T23:59:12.453Z;2022-10-26T22:29:12.453Z;96
17;55;5;3;2022-10-26T22:29:12.453Z;2022-10-26T23:59:12.453Z;2022-10-26T22:29:12.453Z;41
1;92;0;2;2022-10-26T22:29:12.453Z;2022-10-26T23:59:12.453Z;2022-10-26T22:29:12.453Z;21
45;77;5;0;2022-10-26T22:29:12.453Z;2022-10-26T23:59:12.453Z;2022-10-26T22:29:12.453Z;70
6;93;1;3;2022-10-26T22:29:12.453Z;2022-10-26T23:59:12.453Z;2022-10-26T22:29:12.453Z;4
48;76;4;0;2022-10-26T22:29:12.453Z;2022-10-26T23:59:12.453Z;2022-10-26T22:29:12.453Z;69
30;51;4;5;2022-10-26T22:29:12.453Z;2022-10-26T23:59:12.453Z;2022-10-26T22:29:12.453Z;26
23;59;1;5;2022-10-26T22:29:12.453Z;2022-10-26T23:59:12.453Z;2022-10-26T22:29:12.453Z;52
46;51;2;3;2022-10-26T22:29:12.453Z;2022-10-26T23:59:12.453Z;2022-10-26T22:29:12.453Z;14
35;65;2;1;2022-10-26T22:29:12.453Z;2022-10-26T23:59:12.453Z;2022-10-26T22:29:12.453Z;93
42;81;1;4;2022-10-26T22:29:12.453Z;2022-10-26T23:59:12.453Z;2022-10-26T22:29:12.453Z;64
1;97;3;5;2022-10-26T22:29:12.453Z;2022-10-26T23:59:12.453Z;2022-10-26T22:29:12.453Z;95
21;70;0;3;2022-10-26T22:29:12.453Z;2022-10-26T23:59:12.453Z;2022-10-26T22:29:12.453Z;28
45;58;1;5;2022-10-26T22:29:12.453Z;2022-10-26T23:59:12.453Z;2022-10-26T22:29:12.453Z;6
38;84;1;3;2022-10-26T22:29:12.453Z;2022-10-26T23:59:12.453Z;2022-10-26T22:29:12.453Z;60
20;84;5;2;2022-10-26T22:29:12.453Z;2022-10-26T23:59:12.453Z;2022-10-26T22:29:12.453Z;40
25;98;2;1;2022-10-26T22:29:12.453Z;2022-10-26T23:59:12.453Z;2022-10-26T22:29:12.453Z;67
43;77;4;5;2022-10-26T22:29:12.453Z;2022-10-26T23:59:12.453Z;2022-10-26T22:29:12.453Z;46
20;77;3;5;2022-10-26T22:29:12.453Z;2022-10-26T23:59:12.453Z;2022-10-26T22:29:12.453Z;90
50;92;5;4;2022-10-26T22:29:12.453Z;2022-10-26T23:59:12.453Z;2022-10-26T22:29:12.453Z;69
33;70;5;3;2022-10-26T22:29:12.453Z;2022-10-26T23:59:12.453Z;2022-10-26T22:29:12.453Z;38
5;69;1;5;2022-10-26T22:29:12.453Z;2022-10-26T23:59:12.453Z;2022-10-26T22:29:12.453Z;100
17;89;2;0;2022-10-26T22:29:12.453Z;2022-10-26T23:59:12.453Z;2022-10-26T22:29:12.453Z;27
2;55;4;4;2022-10-26T22:29:12.453Z;2022-10-26T23:59:12.453Z;2022-10-26T22:29:12.453Z;21
21;71;4;4;2022-10-26T22:29:12.453Z;2022-10-26T23:59:12.453Z;2022-10-26T22:29:12.453Z;9
48;92;0;0;2022-10-26T22:29:12.453Z;2022-10-26T23:59:12.453Z;2022-10-26T22:29:12.453Z;83
42;64;4;3;2022-10-26T22:29:12.453Z;2022-10-26T23:59:12.453Z;2022-10-26T22:29:12.453Z;4
19;56;0;4;2022-10-26T22:29:12.453Z;2022-10-26T23:59:12.453Z;2022-10-26T22:29:12.453Z;39
43;89;4;2;2022-10-26T22:29:12.453Z;2022-10-26T23:59:12.453Z;2022-10-26T22:29:12.453Z;99
34;93;5;1;2022-10-26T22:29:12.453Z;2022-10-26T23:59:12.453Z;2022-10-26T22:29:12.453Z;67
41;62;5;5;2022-10-26T22:29:12.453Z;2022-10-26T23:59:12.453Z;2022-10-26T22:29:12.453Z;78
20;89;5;0;2022-10-26T22:29:12.453Z;2022-10-26T23:59:12.453Z;2022-10-26T22:29:12.453Z;5
19;89;3;3;2022-10-26T22:29:12.453Z;2022-10-26T23:59:12.453Z;2022-10-26T22:29:12.453Z;55
25;77;0;5;2022-10-26T22:29:12.453Z;2022-10-26T23:59:12.453Z;2022-10-26T22:29:12.453Z;87
41;61;0;3;2022-10-26T22:29:12.453Z;2022-10-26T23:59:12.453Z;2022-10-26T22:29:12.453Z;59
28;89;3;0;2022-10-26T22:29:12.453Z;2022-10-26T23:59:12.453Z;2022-10-26T22:29:12.453Z;67
22;83;5;2;2022-10-26T22:29:12.453Z;2022-10-26T23:59:12.453Z;2022-10-26T22:29:12.453Z;8
1;68;2;0;2022-10-26T22:29:12.453Z;2022-10-26T23:59:12.453Z;2022-10-26T22:29:12.453Z;44
10;75;3;2;2022-10-26T22:29:12.453Z;2022-10-26T23:59:12.453Z;2022-10-26T22:29:12.453Z;67
20;76;1;3;2022-10-26T22:29:12.453Z;2022-10-26T23:59:12.453Z;2022-10-26T22:29:12.453Z;93
48;97;3;4;2022-10-26T22:29:12.453Z;2022-10-26T23:59:12.453Z;2022-10-26T22:29:12.453Z;9
43;86;1;2;2022-10-26T22:29:12.453Z;2022-10-26T23:59:12.453Z;2022-10-26T22:29:12.453Z;70
8;66;4;2;2022-10-26T22:29:12.453Z;2022-10-26T23:59:12.453Z;2022-10-26T22:29:12.453Z;26
21;93;1;0;2022-10-26T22:29:12.453Z;2022-10-26T23:59:12.453Z;2022-10-26T22:29:12.453Z;52
7;67;0;4;2022-10-26T22:29:12.453Z;2022-10-26T23:59:12.453Z;2022-10-26T22:29:12.453Z;98
35;65;1;3;2022-10-26T22:29:12.453Z;2022-10-26T23:59:12.453Z;2022-10-26T22:29:12.453Z;44
16;51;3;3;2022-10-26T22:29:12.453Z;2022-10-26T23:59:12.453Z;2022-10-26T22:29:12.453Z;46
42;54;3;3;2022-10-26T22:29:12.453Z;2022-10-26T23:59:12.453Z;2022-10-26T22:29:12.453Z;71
35;80;0;2;2022-10-26T22:29:12.453Z;2022-10-26T23:59:12.453Z;2022-10-26T22:29:12.453Z;1
5;67;0;3;2022-10-26T22:29:12.453Z;2022-10-26T23:59:12.453Z;2022-10-26T22:29:12.453Z;76
19;50;4;0;2022-10-26T22:29:12.453Z;2022-10-26T23:59:12.453Z;2022-10-26T22:29:12.453Z;55
49;71;0;3;2022-10-26T22:29:12.453Z;2022-10-26T23:59:12.453Z;2022-10-26T22:29:12.453Z;14
45;80;0;0;2022-10-26T22:29:12.453Z;2022-10-26T23:59:12.453Z;2022-10-26T22:29:12.453Z;84
46;97;0;4;2022-10-26T22:29:12.453Z;2022-10-26T23:59:12.453Z;2022-10-26T22:29:12.453Z;32
25;80;2;5;2022-10-26T22:29:12.453Z;2022-10-26T23:59:12.453Z;2022-10-26T22:29:12.453Z;70
7;52;5;1;2022-10-26T22:29:12.453Z;2022-10-26T23:59:12.453Z;2022-10-26T22:29:12.453Z;55
50;96;3;5;2022-10-26T22:29:12.453Z;2022-10-26T23:59:12.453Z;2022-10-26T22:29:12.453Z;43
37;65;1;1;2022-10-26T22:29:12.453Z;2022-10-26T23:59:12.453Z;2022-10-26T22:29:12.453Z;41
46;55;1;3;2022-10-26T22:29:12.453Z;2022-10-26T23:59:12.453Z;2022-10-26T22:29:12.453Z;33
10;51;2;4;2022-10-26T22:29:12.453Z;2022-10-26T23:59:12.453Z;2022-10-26T22:29:12.453Z;14
47;71;2;2;2022-10-26T22:29:12.453Z;2022-10-26T23:59:12.453Z;2022-10-26T22:29:12.453Z;88
34;86;1;0;2022-10-26T22:29:12.453Z;2022-10-26T23:59:12.453Z;2022-10-26T22:29:12.453Z;42
4;81;0;4;2022-10-26T22:29:12.453Z;2022-10-26T23:59:12.453Z;2022-10-26T22:29:12.453Z;9
13;59;3;3;2022-10-26T22:29:12.453Z;2022-10-26T23:59:12.453Z;2022-10-26T22:29:12.453Z;96
8;73;5;4;2022-10-26T22:29:12.453Z;2022-10-26T23:59:12.453Z;2022-10-26T22:29:12.453Z;66
32;93;2;2;2022-10-26T22:29:12.453Z;2022-10-26T23:59:12.453Z;2022-10-26T22:29:12.453Z;31
24;78;5;5;2022-10-26T22:29:12.453Z;2022-10-26T23:59:12.453Z;2022-10-26T22:29:12.453Z;48
5;59;0;0;2022-10-26T22:29:12.453Z;2022-10-26T23:59:12.453Z;2022-10-26T22:29:12.453Z;60
49;53;3;0;2022-10-26T22:29:12.453Z;2022-10-26T23:59:12.453Z;2022-10-26T22:29:12.453Z;46
38;50;0;1;2022-10-26T22:29:12.453Z;2022-10-26T23:59:12.453Z;2022-10-26T22:29:12.453Z;31
24;57;0;2;2022-10-26T22:29:12.453Z;2022-10-26T23:59:12.453Z;2022-10-26T22:29:12.453Z;51
13;80;5;0;2022-10-26T22:29:12.453Z;2022-10-26T23:59:12.453Z;2022-10-26T22:29:12.453Z;2
38;86;5;5;2022-10-26T22:29:12.453Z;2022-10-26T23:59:12.453Z;2022-10-26T22:29:12.453Z;53
7;73;1;4;2022-10-26T22:29:12.453Z;2022-10-26T23:59:12.454Z;2022-10-26T22:29:12.454Z;37
16;93;4;1;2022-10-26T22:29:12.454Z;2022-10-26T23:59:12.454Z;2022-10-26T22:29:12.454Z;87
17;72;5;2;2022-10-26T22:29:12.454Z;2022-10-26T23:59:12.454Z;2022-10-26T22:29:12.454Z;39
48;64;0;0;2022-10-26T22:29:12.454Z;2022-10-26T23:59:12.454Z;2022-10-26T22:29:12.454Z;57
50;83;2;3;2022-10-26T22:29:12.454Z;2022-10-26T23:59:12.454Z;2022-10-26T22:29:12.454Z;50
32;89;5;2;2022-10-26T22:29:12.454Z;2022-10-26T23:59:12.454Z;2022-10-26T22:29:12.454Z;54
40;64;5;5;2022-10-26T22:29:12.454Z;2022-10-26T23:59:12.454Z;2022-10-26T22:29:12.454Z;77
6;50;1;5;2022-10-26T22:29:12.454Z;2022-10-26T23:59:12.454Z;2022-10-26T22:29:12.454Z;74
6;84;5;1;2022-10-26T22:29:12.454Z;2022-10-26T23:59:12.454Z;2022-10-26T22:29:12.454Z;6
36;81;3;4;2022-10-26T22:29:12.454Z;2022-10-26T23:59:12.454Z;2022-10-26T22:29:12.454Z;19
7;71;4;2;2022-10-26T22:29:12.454Z;2022-10-26T23:59:12.454Z;2022-10-26T22:29:12.454Z;50
21;77;4;3;2022-10-26T22:29:12.454Z;2022-10-26T23:59:12.454Z;2022-10-26T22:29:12.454Z;23
25;98;3;2;2022-10-26T22:29:12.454Z;2022-10-26T23:59:12.454Z;2022-10-26T22:29:12.454Z;23
26;83;4;3;2022-10-26T22:29:12.454Z;2022-10-26T23:59:12.454Z;2022-10-26T22:29:12.454Z;92
6;62;5;4;2022-10-26T22:29:12.454Z;2022-10-26T23:59:12.454Z;2022-10-26T22:29:12.454Z;86
39;63;4;5;2022-10-26T22:29:12.454Z;2022-10-26T23:59:12.454Z;2022-10-26T22:29:12.454Z;93
44;84;3;0;2022-10-26T22:29:12.454Z;2022-10-26T23:59:12.454Z;2022-10-26T22:29:12.454Z;98
14;75;3;2;2022-10-26T22:29:12.454Z;2022-10-26T23:59:12.454Z;2022-10-26T22:29:12.454Z;9
5;87;2;0;2022-10-26T22:29:12.454Z;2022-10-26T23:59:12.454Z;2022-10-26T22:29:12.454Z;60
8;81;5;2;2022-10-26T22:29:12.454Z;2022-10-26T23:59:12.454Z;2022-10-26T22:29:12.454Z;19
19;96;3;2;2022-10-26T22:29:12.454Z;2022-10-26T23:59:12.454Z;2022-10-26T22:29:12.454Z;84
29;94;4;3;2022-10-26T22:29:12.454Z;2022-10-26T23:59:12.454Z;2022-10-26T22:29:12.454Z;100
23;89;2;2;2022-10-26T22:29:12.454Z;2022-10-26T23:59:12.454Z;2022-10-26T22:29:12.454Z;51
19;55;3;4;2022-10-26T22:29:12.454Z;2022-10-26T23:59:12.454Z;2022-10-26T22:29:12.454Z;40
42;98;0;4;2022-10-26T22:29:12.454Z;2022-10-26T23:59:12.454Z;2022-10-26T22:29:12.454Z;14
42;89;5;3;2022-10-26T22:29:12.454Z;2022-10-26T23:59:12.454Z;2022-10-26T22:29:12.454Z;70
44;51;2;2;2022-10-26T22:29:12.454Z;2022-10-26T23:59:12.454Z;2022-10-26T22:29:12.454Z;74
5;62;0;4;2022-10-26T22:29:12.454Z;2022-10-26T23:59:12.454Z;2022-10-26T22:29:12.454Z;95
31;77;5;2;2022-10-26T22:29:12.454Z;2022-10-26T23:59:12.454Z;2022-10-26T22:29:12.454Z;68
13;71;3;3;2022-10-26T22:29:12.454Z;2022-10-26T23:59:12.454Z;2022-10-26T22:29:12.454Z;78
50;79;5;3;2022-10-26T22:29:12.454Z;2022-10-26T23:59:12.454Z;2022-10-26T22:29:12.454Z;14
49;98;5;1;2022-10-26T22:29:12.454Z;2022-10-26T23:59:12.454Z;2022-10-26T22:29:12.454Z;75
42;77;2;3;2022-10-26T22:29:12.454Z;2022-10-26T23:59:12.454Z;2022-10-26T22:29:12.454Z;20
45;80;4;3;2022-10-26T22:29:12.454Z;2022-10-26T23:59:12.454Z;2022-10-26T22:29:12.454Z;62
17;71;3;3;2022-10-26T22:29:12.454Z;2022-10-26T23:59:12.454Z;2022-10-26T22:29:12.454Z;2
39;93;4;2;2022-10-26T22:29:12.454Z;2022-10-26T23:59:12.454Z;2022-10-26T22:29:12.454Z;85
46;95;2;1;2022-10-26T22:29:12.454Z;2022-10-26T23:59:12.454Z;2022-10-26T22:29:12.454Z;28
35;56;1;2;2022-10-26T22:29:12.454Z;2022-10-26T23:59:12.454Z;2022-10-26T22:29:12.454Z;25
46;74;5;4;2022-10-26T22:29:12.454Z;2022-10-26T23:59:12.454Z;2022-10-26T22:29:12.454Z;42
9;81;2;4;2022-10-26T22:29:12.454Z;2022-10-26T23:59:12.454Z;2022-10-26T22:29:12.454Z;25
24;91;5;3;2022-10-26T22:29:12.454Z;2022-10-26T23:59:12.454Z;2022-10-26T22:29:12.454Z;3
2;87;3;2;2022-10-26T22:29:12.454Z;2022-10-26T23:59:12.454Z;2022-10-26T22:29:12.454Z;57
19;72;0;2;2022-10-26T22:29:12.454Z;2022-10-26T23:59:12.454Z;2022-10-26T22:29:12.454Z;84
10;52;3;5;2022-10-26T22:29:12.454Z;2022-10-26T23:59:12.454Z;2022-10-26T22:29:12.454Z;32
26;65;2;5;2022-10-26T22:29:12.454Z;2022-10-26T23:59:12.454Z;2022-10-26T22:29:12.454Z;59
8;75;5;0;2022-10-26T22:29:12.454Z;2022-10-26T23:59:12.454Z;2022-10-26T22:29:12.454Z;46
28;95;2;1;2022-10-26T22:29:12.454Z;2022-10-26T23:59:12.454Z;2022-10-26T22:29:12.454Z;76
33;82;5;3;2022-10-26T22:29:12.454Z;2022-10-26T23:59:12.454Z;2022-10-26T22:29:12.454Z;79
5;97;1;3;2022-10-26T22:29:12.454Z;2022-10-26T23:59:12.454Z;2022-10-26T22:29:12.454Z;68
10;77;1;1;2022-10-26T22:29:12.454Z;2022-10-26T23:59:12.454Z;2022-10-26T22:29:12.454Z;22
49;77;0;1;2022-10-26T22:29:12.454Z;2022-10-26T23:59:12.454Z;2022-10-26T22:29:12.454Z;2
12;71;3;2;2022-10-26T22:29:12.454Z;2022-10-26T23:59:12.454Z;2022-10-26T22:29:12.454Z;34
4;62;5;2;2022-10-26T22:29:12.454Z;2022-10-26T23:59:12.454Z;2022-10-26T22:29:12.454Z;85
42;61;2;5;2022-10-26T22:29:12.454Z;2022-10-26T23:59:12.454Z;2022-10-26T22:29:12.454Z;56
13;88;4;3;2022-10-26T22:29:12.454Z;2022-10-26T23:59:12.454Z;2022-10-26T22:29:12.454Z;10
16;89;0;4;2022-10-26T22:29:12.454Z;2022-10-26T23:59:12.454Z;2022-10-26T22:29:12.454Z;13
33;98;4;1;2022-10-26T22:29:12.454Z;2022-10-26T23:59:12.454Z;2022-10-26T22:29:12.454Z;12
8;78;5;0;2022-10-26T22:29:12.454Z;2022-10-26T23:59:12.454Z;2022-10-26T22:29:12.454Z;53
5;82;2;1;2022-10-26T22:29:12.454Z;2022-10-26T23:59:12.454Z;2022-10-26T22:29:12.454Z;69
31;87;0;1;2022-10-26T22:29:12.454Z;2022-10-26T23:59:12.454Z;2022-10-26T22:29:12.454Z;16
18;91;4;3;2022-10-26T22:29:12.454Z;2022-10-26T23:59:12.454Z;2022-10-26T22:29:12.454Z;80
50;55;2;1;2022-10-26T22:29:12.454Z;2022-10-26T23:59:12.454Z;2022-10-26T22:29:12.454Z;73
16;68;2;2;2022-10-26T22:29:12.454Z;2022-10-26T23:59:12.454Z;2022-10-26T22:29:12.454Z;50
32;71;0;3;2022-10-26T22:29:12.454Z;2022-10-26T23:59:12.454Z;2022-10-26T22:29:12.454Z;40
30;78;1;2;2022-10-26T22:29:12.454Z;2022-10-26T23:59:12.454Z;2022-10-26T22:29:12.454Z;49
38;76;3;2;2022-10-26T22:29:12.454Z;2022-10-26T23:59:12.454Z;2022-10-26T22:29:12.454Z;9
41;92;3;2;2022-10-26T22:29:12.454Z;2022-10-26T23:59:12.454Z;2022-10-26T22:29:12.454Z;79
41;67;0;0;2022-10-26T22:29:12.454Z;2022-10-26T23:59:12.454Z;2022-10-26T22:29:12.454Z;40
48;68;0;0;2022-10-26T22:29:12.454Z;2022-10-26T23:59:12.454Z;2022-10-26T22:29:12.454Z;72
32;58;0;0;2022-10-26T22:29:12.454Z;2022-10-26T23:59:12.454Z;2022-10-26T22:29:12.454Z;51
32;73;4;1;2022-10-26T22:29:12.454Z;2022-10-26T23:59:12.454Z;2022-10-26T22:29:12.454Z;26
43;80;1;5;2022-10-26T22:29:12.454Z;2022-10-26T23:59:12.454Z;2022-10-26T22:29:12.454Z;9
28;68;3;3;2022-10-26T22:29:12.454Z;2022-10-26T23:59:12.454Z;2022-10-26T22:29:12.454Z;15
32;83;0;0;2022-10-26T22:29:12.454Z;2022-10-26T23:59:12.454Z;2022-10-26T22:29:12.454Z;81
5;98;0;1;2022-10-26T22:29:12.454Z;2022-10-26T23:59:12.454Z;2022-10-26T22:29:12.454Z;52
10;85;1;4;2022-10-26T22:29:12.454Z;2022-10-26T23:59:12.454Z;2022-10-26T22:29:12.454Z;96
12;96;3;5;2022-10-26T22:29:12.454Z;2022-10-26T23:59:12.454Z;2022-10-26T22:29:12.454Z;6
47;67;1;3;2022-10-26T22:29:12.454Z;2022-10-26T23:59:12.454Z;2022-10-26T22:29:12.454Z;33
24;98;1;2;2022-10-26T22:29:12.454Z;2022-10-26T23:59:12.454Z;2022-10-26T22:29:12.454Z;93
38;71;3;2;2022-10-26T22:29:12.454Z;2022-10-26T23:59:12.454Z;2022-10-26T22:29:12.454Z;87
50;54;2;5;2022-10-26T22:29:12.454Z;2022-10-26T23:59:12.454Z;2022-10-26T22:29:12.454Z;49
40;73;5;4;2022-10-26T22:29:12.454Z;2022-10-26T23:59:12.454Z;2022-10-26T22:29:12.454Z;49
18;68;0;3;2022-10-26T22:29:12.454Z;2022-10-26T23:59:12.454Z;2022-10-26T22:29:12.454Z;13
43;87;2;3;2022-10-26T22:29:12.454Z;2022-10-26T23:59:12.454Z;2022-10-26T22:29:12.454Z;43
37;79;5;3;2022-10-26T22:29:12.454Z;2022-10-26T23:59:12.454Z;2022-10-26T22:29:12.454Z;29
9;78;5;1;2022-10-26T22:29:12.454Z;2022-10-26T23:59:12.454Z;2022-10-26T22:29:12.454Z;74
25;50;4;3;2022-10-26T22:29:12.454Z;2022-10-26T23:59:12.454Z;2022-10-26T22:29:12.454Z;96
21;90;3;5;2022-10-26T22:29:12.454Z;2022-10-26T23:59:12.454Z;2022-10-26T22:29:12.454Z;51
16;64;1;1;2022-10-26T22:29:12.454Z;2022-10-26T23:59:12.454Z;2022-10-26T22:29:12.454Z;67
36;52;4;5;2022-10-26T22:29:12.454Z;2022-10-26T23:59:12.454Z;2022-10-26T22:29:12.454Z;91
5;63;3;2;2022-10-26T22:29:12.454Z;2022-10-26T23:59:12.454Z;2022-10-26T22:29:12.454Z;82
31;85;5;1;2022-10-26T22:29:12.454Z;2022-10-26T23:59:12.454Z;2022-10-26T22:29:12.454Z;71
6;63;1;4;2022-10-26T22:29:12.455Z;2022-10-26T23:59:12.455Z;2022-10-26T22:29:12.455Z;67
29;95;5;1;2022-10-26T22:29:12.455Z;2022-10-26T23:59:12.455Z;2022-10-26T22:29:12.455Z;21
12;66;2;4;2022-10-26T22:29:12.455Z;2022-10-26T23:59:12.455Z;2022-10-26T22:29:12.455Z;48
8;90;5;4;2022-10-26T22:29:12.455Z;2022-10-26T23:59:12.455Z;2022-10-26T22:29:12.455Z;73
42;57;2;3;2022-10-26T22:29:12.455Z;2022-10-26T23:59:12.455Z;2022-10-26T22:29:12.455Z;29
18;51;3;2;2022-10-26T22:29:12.455Z;2022-10-26T23:59:12.455Z;2022-10-26T22:29:12.455Z;82
28;80;1;5;2022-10-26T22:29:12.455Z;2022-10-26T23:59:12.455Z;2022-10-26T22:29:12.455Z;65
23;58;0;4;2022-10-26T22:29:12.455Z;2022-10-26T23:59:12.455Z;2022-10-26T22:29:12.455Z;62
30;80;1;2;2022-10-26T22:29:12.455Z;2022-10-26T23:59:12.455Z;2022-10-26T22:29:12.455Z;77
6;53;0;4;2022-10-26T22:29:12.455Z;2022-10-26T23:59:12.455Z;2022-10-26T22:29:12.455Z;11
11;79;2;0;2022-10-26T22:29:12.455Z;2022-10-26T23:59:12.455Z;2022-10-26T22:29:12.455Z;11
27;55;2;2;2022-10-26T22:29:12.455Z;2022-10-26T23:59:12.455Z;2022-10-26T22:29:12.455Z;92
41;56;5;0;2022-10-26T22:29:12.455Z;2022-10-26T23:59:12.455Z;2022-10-26T22:29:12.455Z;8
16;97;1;5;2022-10-26T22:29:12.455Z;2022-10-26T23:59:12.455Z;2022-10-26T22:29:12.455Z;42
45;68;4;0;2022-10-26T22:29:12.455Z;2022-10-26T23:59:12.455Z;2022-10-26T22:29:12.455Z;79
2;77;2;3;2022-10-26T22:29:12.455Z;2022-10-26T23:59:12.455Z;2022-10-26T22:29:12.455Z;54
5;51;3;5;2022-10-26T22:29:12.455Z;2022-10-26T23:59:12.455Z;2022-10-26T22:29:12.455Z;4
20;94;3;5;2022-10-26T22:29:12.455Z;2022-10-26T23:59:12.455Z;2022-10-26T22:29:12.455Z;17
6;90;2;5;2022-10-26T22:29:12.455Z;2022-10-26T23:59:12.455Z;2022-10-26T22:29:12.455Z;49
40;59;3;5;2022-10-26T22:29:12.455Z;2022-10-26T23:59:12.455Z;2022-10-26T22:29:12.455Z;44
23;80;0;1;2022-10-26T22:29:12.455Z;2022-10-26T23:59:12.455Z;2022-10-26T22:29:12.455Z;52
47;76;4;2;2022-10-26T22:29:12.455Z;2022-10-26T23:59:12.455Z;2022-10-26T22:29:12.455Z;9
8;59;3;2;2022-10-26T22:29:12.455Z;2022-10-26T23:59:12.455Z;2022-10-26T22:29:12.455Z;90
46;50;4;2;2022-10-26T22:29:12.455Z;2022-10-26T23:59:12.455Z;2022-10-26T22:29:12.455Z;19
1;57;0;0;2022-10-26T22:29:12.455Z;2022-10-26T23:59:12.455Z;2022-10-26T22:29:12.455Z;62
29;68;1;4;2022-10-26T22:29:12.455Z;2022-10-26T23:59:12.455Z;2022-10-26T22:29:12.455Z;93
29;84;1;2;2022-10-26T22:29:12.455Z;2022-10-26T23:59:12.455Z;2022-10-26T22:29:12.455Z;20
4;68;1;0;2022-10-26T22:29:12.455Z;2022-10-26T23:59:12.455Z;2022-10-26T22:29:12.455Z;90
33;62;4;3;2022-10-26T22:29:12.455Z;2022-10-26T23:59:12.455Z;2022-10-26T22:29:12.455Z;11
43;57;4;5;2022-10-26T22:29:12.455Z;2022-10-26T23:59:12.455Z;2022-10-26T22:29:12.455Z;40
43;58;2;5;2022-10-26T22:29:12.455Z;2022-10-26T23:59:12.455Z;2022-10-26T22:29:12.455Z;100
13;53;0;0;2022-10-26T22:29:12.455Z;2022-10-26T23:59:12.455Z;2022-10-26T22:29:12.455Z;73
32;77;2;1;2022-10-26T22:29:12.455Z;2022-10-26T23:59:12.455Z;2022-10-26T22:29:12.455Z;58
16;75;2;1;2022-10-26T22:29:12.455Z;2022-10-26T23:59:12.455Z;2022-10-26T22:29:12.455Z;29
33;71;0;4;2022-10-26T22:29:12.455Z;2022-10-26T23:59:12.455Z;2022-10-26T22:29:12.455Z;75
46;82;3;0;2022-10-26T22:29:12.455Z;2022-10-26T23:59:12.455Z;2022-10-26T22:29:12.455Z;53
21;52;4;2;2022-10-26T22:29:12.455Z;2022-10-26T23:59:12.455Z;2022-10-26T22:29:12.455Z;60
1;93;4;2;2022-10-26T22:29:12.455Z;2022-10-26T23:59:12.455Z;2022-10-26T22:29:12.455Z;31
33;69;3;3;2022-10-26T22:29:12.455Z;2022-10-26T23:59:12.455Z;2022-10-26T22:29:12.455Z;14
44;66;4;5;2022-10-26T22:29:12.455Z;2022-10-26T23:59:12.455Z;2022-10-26T22:29:12.455Z;54
49;77;0;4;2022-10-26T22:29:12.455Z;2022-10-26T23:59:12.455Z;2022-10-26T22:29:12.455Z;30
28;69;2;4;2022-10-26T22:29:12.455Z;2022-10-26T23:59:12.455Z;2022-10-26T22:29:12.455Z;8
42;50;4;1;2022-10-26T22:29:12.455Z;2022-10-26T23:59:12.455Z;2022-10-26T22:29:12.455Z;76
11;94;1;2;2022-10-26T22:29:12.455Z;2022-10-26T23:59:12.455Z;2022-10-26T22:29:12.455Z;23
2;74;1;5;2022-10-26T22:29:12.455Z;2022-10-26T23:59:12.455Z;2022-10-26T22:29:12.455Z;58
43;57;2;5;2022-10-26T22:29:12.455Z;2022-10-26T23:59:12.455Z;2022-10-26T22:29:12.455Z;92
19;80;1;0;2022-10-26T22:29:12.455Z;2022-10-26T23:59:12.455Z;2022-10-26T22:29:12.455Z;73
15;78;1;0;2022-10-26T22:29:12.455Z;2022-10-26T23:59:12.455Z;2022-10-26T22:29:12.455Z;26
9;69;1;2;2022-10-26T22:29:12.455Z;2022-10-26T23:59:12.455Z;2022-10-26T22:29:12.455Z;36
29;97;3;2;2022-10-26T22:29:12.455Z;2022-10-26T23:59:12.455Z;2022-10-26T22:29:12.455Z;54
5;79;5;2;2022-10-26T22:29:12.455Z;2022-10-26T23:59:12.455Z;2022-10-26T22:29:12.455Z;91
48;66;2;4;2022-10-26T22:29:12.455Z;2022-10-26T23:59:12.455Z;2022-10-26T22:29:12.455Z;69
47;99;1;5;2022-10-26T22:29:12.455Z;2022-10-26T23:59:12.455Z;2022-10-26T22:29:12.455Z;14
24;95;1;0;2022-10-26T22:29:12.455Z;2022-10-26T23:59:12.455Z;2022-10-26T22:29:12.455Z;49
19;100;4;1;2022-10-26T22:29:12.455Z;2022-10-26T23:59:12.455Z;2022-10-26T22:29:12.455Z;12
48;98;3;5;2022-10-26T22:29:12.455Z;2022-10-26T23:59:12.455Z;2022-10-26T22:29:12.455Z;51
12;63;5;0;2022-10-26T22:29:12.455Z;2022-10-26T23:59:12.455Z;2022-10-26T22:29:12.455Z;18
50;79;0;3;2022-10-26T22:29:12.455Z;2022-10-26T23:59:12.455Z;2022-10-26T22:29:12.455Z;8
24;58;4;0;2022-10-26T22:29:12.455Z;2022-10-26T23:59:12.455Z;2022-10-26T22:29:12.455Z;90
31;56;3;2;2022-10-26T22:29:12.455Z;2022-10-26T23:59:12.455Z;2022-10-26T22:29:12.455Z;11
4;94;0;3;2022-10-26T22:29:12.455Z;2022-10-26T23:59:12.455Z;2022-10-26T22:29:12.455Z;45
3;71;0;3;2022-10-26T22:29:12.455Z;2022-10-26T23:59:12.455Z;2022-10-26T22:29:12.455Z;88
19;72;2;5;2022-10-26T22:29:12.455Z;2022-10-26T23:59:12.455Z;2022-10-26T22:29:12.455Z;61
8;93;3;1;2022-10-26T22:29:12.455Z;2022-10-26T23:59:12.455Z;2022-10-26T22:29:12.455Z;8
18;67;3;2;2022-10-26T22:29:12.455Z;2022-10-26T23:59:12.455Z;2022-10-26T22:29:12.455Z;73
19;51;1;3;2022-10-26T22:29:12.455Z;2022-10-26T23:59:12.455Z;2022-10-26T22:29:12.455Z;65
45;80;0;0;2022-10-26T22:29:12.455Z;2022-10-26T23:59:12.455Z;2022-10-26T22:29:12.455Z;25
10;56;2;0;2022-10-26T22:29:12.455Z;2022-10-26T23:59:12.455Z;2022-10-26T22:29:12.455Z;11
23;91;3;0;2022-10-26T22:29:12.455Z;2022-10-26T23:59:12.455Z;2022-10-26T22:29:12.455Z;32
39;60;2;3;2022-10-26T22:29:12.455Z;2022-10-26T23:59:12.455Z;2022-10-26T22:29:12.455Z;22
47;93;3;3;2022-10-26T22:29:12.455Z;2022-10-26T23:59:12.455Z;2022-10-26T22:29:12.455Z;85
39;67;1;3;2022-10-26T22:29:12.455Z;2022-10-26T23:59:12.455Z;2022-10-26T22:29:12.455Z;20
29;64;3;4;2022-10-26T22:29:12.455Z;2022-10-26T23:59:12.455Z;2022-10-26T22:29:12.455Z;90
3;79;1;0;2022-10-26T22:29:12.455Z;2022-10-26T23:59:12.455Z;2022-10-26T22:29:12.455Z;42
3;89;4;4;2022-10-26T22:29:12.455Z;2022-10-26T23:59:12.455Z;2022-10-26T22:29:12.455Z;50
21;100;1;1;2022-10-26T22:29:12.455Z;2022-10-26T23:59:12.455Z;2022-10-26T22:29:12.455Z;6
36;77;5;3;2022-10-26T22:29:12.455Z;2022-10-26T23:59:12.455Z;2022-10-26T22:29:12.455Z;61
32;71;0;2;2022-10-26T22:29:12.455Z;2022-10-26T23:59:12.455Z;2022-10-26T22:29:12.455Z;25
11;96;5;4;2022-10-26T22:29:12.455Z;2022-10-26T23:59:12.455Z;2022-10-26T22:29:12.455Z;9
16;97;2;0;2022-10-26T22:29:12.455Z;2022-10-26T23:59:12.455Z;2022-10-26T22:29:12.455Z;23
33;58;3;3;2022-10-26T22:29:12.455Z;2022-10-26T23:59:12.455Z;2022-10-26T22:29:12.455Z;92
1;57;5;2;2022-10-26T22:29:12.455Z;2022-10-26T23:59:12.455Z;2022-10-26T22:29:12.455Z;96
30;66;0;0;2022-10-26T22:29:12.455Z;2022-10-26T23:59:12.455Z;2022-10-26T22:29:12.455Z;72
27;81;0;3;2022-10-26T22:29:12.455Z;2022-10-26T23:59:12.455Z;2022-10-26T22:29:12.455Z;54
19;77;1;4;2022-10-26T22:29:12.455Z;2022-10-26T23:59:12.455Z;2022-10-26T22:29:12.455Z;21
30;91;5;0;2022-10-26T22:29:12.455Z;2022-10-26T23:59:12.455Z;2022-10-26T22:29:12.455Z;31
1;68;1;5;2022-10-26T22:29:12.455Z;2022-10-26T23:59:12.455Z;2022-10-26T22:29:12.455Z;2
13;78;1;3;2022-10-26T22:29:12.455Z;2022-10-26T23:59:12.455Z;2022-10-26T22:29:12.455Z;31
43;77;3;2;2022-10-26T22:29:12.455Z;2022-10-26T23:59:12.455Z;2022-10-26T22:29:12.455Z;80
8;65;1;0;2022-10-26T22:29:12.455Z;2022-10-26T23:59:12.455Z;2022-10-26T22:29:12.455Z;45
47;84;3;2;2022-10-26T22:29:12.455Z;2022-10-26T23:59:12.455Z;2022-10-26T22:29:12.455Z;47
14;77;3;2;2022-10-26T22:29:12.455Z;2022-10-26T23:59:12.455Z;2022-10-26T22:29:12.455Z;76
11;78;1;2;2022-10-26T22:29:12.455Z;2022-10-26T23:59:12.455Z;2022-10-26T22:29:12.455Z;6
20;88;3;1;2022-10-26T22:29:12.455Z;2022-10-26T23:59:12.455Z;2022-10-26T22:29:12.455Z;34
43;87;2;0;2022-10-26T22:29:12.455Z;2022-10-26T23:59:12.455Z;2022-10-26T22:29:12.455Z;82
18;76;3;1;2022-10-26T22:29:12.455Z;2022-10-26T23:59:12.455Z;2022-10-26T22:29:12.455Z;47
34;62;2;5;2022-10-26T22:29:12.455Z;2022-10-26T23:59:12.455Z;2022-10-26T22:29:12.455Z;4
3;72;2;2;2022-10-26T22:29:12.455Z;2022-10-26T23:59:12.455Z;2022-10-26T22:29:12.455Z;83
16;65;1;4;2022-10-26T22:29:12.455Z;2022-10-26T23:59:12.455Z;2022-10-26T22:29:12.455Z;15
2;81;4;1;2022-10-26T22:29:12.455Z;2022-10-26T23:59:12.455Z;2022-10-26T22:29:12.455Z;48
34;90;3;3;2022-10-26T22:29:12.455Z;2022-10-26T23:59:12.455Z;2022-10-26T22:29:12.455Z;89
29;98;2;1;2022-10-26T22:29:12.455Z;2022-10-26T23:59:12.455Z;2022-10-26T22:29:12.455Z;85
33;84;0;3;2022-10-26T22:29:12.455Z;2022-10-26T23:59:12.455Z;2022-10-26T22:29:12.455Z;25
5;90;0;1;2022-10-26T22:29:12.455Z;2022-10-26T23:59:12.455Z;2022-10-26T22:29:12.455Z;80
37;73;5;3;2022-10-26T22:29:12.455Z;2022-10-26T23:59:12.455Z;2022-10-26T22:29:12.455Z;25
33;73;0;2;2022-10-26T22:29:12.455Z;2022-10-26T23:59:12.455Z;2022-10-26T22:29:12.455Z;65
2;88;4;1;2022-10-26T22:29:12.455Z;2022-10-26T23:59:12.455Z;2022-10-26T22:29:12.455Z;30
30;83;0;4;2022-10-26T22:29:12.455Z;2022-10-26T23:59:12.455Z;2022-10-26T22:29:12.455Z;66
34;51;5;1;2022-10-26T22:29:12.455Z;2022-10-26T23:59:12.455Z;2022-10-26T22:29:12.455Z;60
11;61;0;5;2022-10-26T22:29:12.455Z;2022-10-26T23:59:12.455Z;2022-10-26T22:29:12.455Z;4
45;61;0;3;2022-10-26T22:29:12.455Z;2022-10-26T23:59:12.455Z;2022-10-26T22:29:12.456Z;7
17;72;2;1;2022-10-26T22:29:12.456Z;2022-10-26T23:59:12.456Z;2022-10-26T22:29:12.456Z;98
1;71;5;1;2022-10-26T22:29:12.456Z;2022-10-26T23:59:12.456Z;2022-10-26T22:29:12.456Z;52
3;60;3;5;2022-10-26T22:29:12.456Z;2022-10-26T23:59:12.456Z;2022-10-26T22:29:12.456Z;98
48;70;0;2;2022-10-26T22:29:12.456Z;2022-10-26T23:59:12.456Z;2022-10-26T22:29:12.456Z;67
49;51;5;4;2022-10-26T22:29:12.456Z;2022-10-26T23:59:12.456Z;2022-10-26T22:29:12.456Z;44
1;68;3;1;2022-10-26T22:29:12.456Z;2022-10-26T23:59:12.456Z;2022-10-26T22:29:12.456Z;38
2;61;4;0;2022-10-26T22:29:12.456Z;2022-10-26T23:59:12.456Z;2022-10-26T22:29:12.456Z;12
44;98;3;5;2022-10-26T22:29:12.456Z;2022-10-26T23:59:12.456Z;2022-10-26T22:29:12.456Z;27
34;63;5;4;2022-10-26T22:29:12.456Z;2022-10-26T23:59:12.456Z;2022-10-26T22:29:12.456Z;79
21;63;4;3;2022-10-26T22:29:12.456Z;2022-10-26T23:59:12.456Z;2022-10-26T22:29:12.456Z;17
42;85;4;2;2022-10-26T22:29:12.456Z;2022-10-26T23:59:12.456Z;2022-10-26T22:29:12.456Z;48
43;87;2;5;2022-10-26T22:29:12.456Z;2022-10-26T23:59:12.456Z;2022-10-26T22:29:12.456Z;53
49;88;5;3;2022-10-26T22:29:12.456Z;2022-10-26T23:59:12.456Z;2022-10-26T22:29:12.456Z;38
11;79;0;1;2022-10-26T22:29:12.456Z;2022-10-26T23:59:12.456Z;2022-10-26T22:29:12.456Z;11
25;71;3;0;2022-10-26T22:29:12.456Z;2022-10-26T23:59:12.456Z;2022-10-26T22:29:12.456Z;86
25;51;0;5;2022-10-26T22:29:12.456Z;2022-10-26T23:59:12.456Z;2022-10-26T22:29:12.456Z;87
38;70;3;4;2022-10-26T22:29:12.456Z;2022-10-26T23:59:12.456Z;2022-10-26T22:29:12.456Z;73
31;58;5;5;2022-10-26T22:29:12.456Z;2022-10-26T23:59:12.456Z;2022-10-26T22:29:12.456Z;26
42;84;5;3;2022-10-26T22:29:12.456Z;2022-10-26T23:59:12.456Z;2022-10-26T22:29:12.456Z;49
34;56;1;5;2022-10-26T22:29:12.456Z;2022-10-26T23:59:12.456Z;2022-10-26T22:29:12.456Z;100
12;55;5;5;2022-10-26T22:29:12.456Z;2022-10-26T23:59:12.456Z;2022-10-26T22:29:12.456Z;62
2;81;1;4;2022-10-26T22:29:12.456Z;2022-10-26T23:59:12.456Z;2022-10-26T22:29:12.456Z;9
38;62;0;0;2022-10-26T22:29:12.456Z;2022-10-26T23:59:12.456Z;2022-10-26T22:29:12.456Z;96
33;91;3;5;2022-10-26T22:29:12.456Z;2022-10-26T23:59:12.456Z;2022-10-26T22:29:12.456Z;25
9;67;2;0;2022-10-26T22:29:12.456Z;2022-10-26T23:59:12.456Z;2022-10-26T22:29:12.456Z;11
31;83;0;5;2022-10-26T22:29:12.456Z;2022-10-26T23:59:12.456Z;2022-10-26T22:29:12.456Z;17
2;83;0;4;2022-10-26T22:29:12.456Z;2022-10-26T23:59:12.456Z;2022-10-26T22:29:12.456Z;62
43;89;5;5;2022-10-26T22:29:12.456Z;2022-10-26T23:59:12.456Z;2022-10-26T22:29:12.456Z;42
33;53;2;5;2022-10-26T22:29:12.456Z;2022-10-26T23:59:12.456Z;2022-10-26T22:29:12.456Z;7
15;82;3;5;2022-10-26T22:29:12.456Z;2022-10-26T23:59:12.456Z;2022-10-26T22:29:12.456Z;91
38;80;5;3;2022-10-26T22:29:12.456Z;2022-10-26T23:59:12.456Z;2022-10-26T22:29:12.456Z;67
2;98;4;5;2022-10-26T22:29:12.456Z;2022-10-26T23:59:12.456Z;2022-10-26T22:29:12.456Z;94
42;94;3;5;2022-10-26T22:29:12.456Z;2022-10-26T23:59:12.456Z;2022-10-26T22:29:12.456Z;8
10;75;4;5;2022-10-26T22:29:12.456Z;2022-10-26T23:59:12.456Z;2022-10-26T22:29:12.456Z;90
28;89;0;3;2022-10-26T22:29:12.456Z;2022-10-26T23:59:12.456Z;2022-10-26T22:29:12.456Z;10
23;50;0;2;2022-10-26T22:29:12.456Z;2022-10-26T23:59:12.456Z;2022-10-26T22:29:12.456Z;6
6;52;4;3;2022-10-26T22:29:12.456Z;2022-10-26T23:59:12.456Z;2022-10-26T22:29:12.456Z;66
32;73;5;1;2022-10-26T22:29:12.456Z;2022-10-26T23:59:12.456Z;2022-10-26T22:29:12.456Z;33
17;85;0;5;2022-10-26T22:29:12.456Z;2022-10-26T23:59:12.456Z;2022-10-26T22:29:12.456Z;65
19;62;0;0;2022-10-26T22:29:12.456Z;2022-10-26T23:59:12.456Z;2022-10-26T22:29:12.456Z;18
10;81;0;5;2022-10-26T22:29:12.456Z;2022-10-26T23:59:12.456Z;2022-10-26T22:29:12.456Z;85
25;71;4;1;2022-10-26T22:29:12.456Z;2022-10-26T23:59:12.456Z;2022-10-26T22:29:12.456Z;35
4;66;1;4;2022-10-26T22:29:12.456Z;2022-10-26T23:59:12.456Z;2022-10-26T22:29:12.456Z;99
20;87;5;3;2022-10-26T22:29:12.456Z;2022-10-26T23:59:12.456Z;2022-10-26T22:29:12.456Z;52
38;85;2;3;2022-10-26T22:29:12.456Z;2022-10-26T23:59:12.456Z;2022-10-26T22:29:12.456Z;28
24;58;1;2;2022-10-26T22:29:12.456Z;2022-10-26T23:59:12.456Z;2022-10-26T22:29:12.456Z;25
29;88;4;1;2022-10-26T22:29:12.456Z;2022-10-26T23:59:12.456Z;2022-10-26T22:29:12.456Z;28
23;54;2;0;2022-10-26T22:29:12.456Z;2022-10-26T23:59:12.456Z;2022-10-26T22:29:12.456Z;80
16;51;1;0;2022-10-26T22:29:12.456Z;2022-10-26T23:59:12.456Z;2022-10-26T22:29:12.456Z;21
8;87;0;5;2022-10-26T22:29:12.456Z;2022-10-26T23:59:12.456Z;2022-10-26T22:29:12.456Z;71
34;71;0;1;2022-10-26T22:29:12.456Z;2022-10-26T23:59:12.456Z;2022-10-26T22:29:12.456Z;42
50;53;3;3;2022-10-26T22:29:12.456Z;2022-10-26T23:59:12.456Z;2022-10-26T22:29:12.456Z;5
48;73;1;1;2022-10-26T22:29:12.456Z;2022-10-26T23:59:12.456Z;2022-10-26T22:29:12.456Z;75
28;50;0;1;2022-10-26T22:29:12.456Z;2022-10-26T23:59:12.456Z;2022-10-26T22:29:12.456Z;17
15;71;5;5;2022-10-26T22:29:12.456Z;2022-10-26T23:59:12.456Z;2022-10-26T22:29:12.456Z;14
5;56;4;5;2022-10-26T22:29:12.456Z;2022-10-26T23:59:12.456Z;2022-10-26T22:29:12.456Z;68
7;61;0;2;2022-10-26T22:29:12.456Z;2022-10-26T23:59:12.456Z;2022-10-26T22:29:12.456Z;86
23;75;0;0;2022-10-26T22:29:12.456Z;2022-10-26T23:59:12.456Z;2022-10-26T22:29:12.456Z;33
46;65;3;1;2022-10-26T22:29:12.456Z;2022-10-26T23:59:12.456Z;2022-10-26T22:29:12.456Z;20
17;62;0;5;2022-10-26T22:29:12.456Z;2022-10-26T23:59:12.456Z;2022-10-26T22:29:12.456Z;56
24;80;0;2;2022-10-26T22:29:12.456Z;2022-10-26T23:59:12.456Z;2022-10-26T22:29:12.456Z;53
41;82;5;0;2022-10-26T22:29:12.456Z;2022-10-26T23:59:12.456Z;2022-10-26T22:29:12.456Z;57
5;93;4;2;2022-10-26T22:29:12.456Z;2022-10-26T23:59:12.456Z;2022-10-26T22:29:12.456Z;7
29;84;3;2;2022-10-26T22:29:12.456Z;2022-10-26T23:59:12.456Z;2022-10-26T22:29:12.456Z;47
35;90;3;3;2022-10-26T22:29:12.456Z;2022-10-26T23:59:12.456Z;2022-10-26T22:29:12.456Z;93
40;89;0;5;2022-10-26T22:29:12.456Z;2022-10-26T23:59:12.456Z;2022-10-26T22:29:12.456Z;46
18;57;3;4;2022-10-26T22:29:12.456Z;2022-10-26T23:59:12.456Z;2022-10-26T22:29:12.456Z;68
19;50;4;1;2022-10-26T22:29:12.456Z;2022-10-26T23:59:12.456Z;2022-10-26T22:29:12.456Z;24
29;63;1;0;2022-10-26T22:29:12.456Z;2022-10-26T23:59:12.456Z;2022-10-26T22:29:12.456Z;38
4;62;0;4;2022-10-26T22:29:12.456Z;2022-10-26T23:59:12.456Z;2022-10-26T22:29:12.456Z;15
50;79;1;5;2022-10-26T22:29:12.456Z;2022-10-26T23:59:12.456Z;2022-10-26T22:29:12.456Z;71
49;96;1;3;2022-10-26T22:29:12.456Z;2022-10-26T23:59:12.456Z;2022-10-26T22:29:12.456Z;7
17;72;4;5;2022-10-26T22:29:12.456Z;2022-10-26T23:59:12.456Z;2022-10-26T22:29:12.456Z;71
41;71;2;5;2022-10-26T22:29:12.456Z;2022-10-26T23:59:12.456Z;2022-10-26T22:29:12.456Z;100
41;66;4;1;2022-10-26T22:29:12.456Z;2022-10-26T23:59:12.456Z;2022-10-26T22:29:12.456Z;55
19;92;5;0;2022-10-26T22:29:12.456Z;2022-10-26T23:59:12.456Z;2022-10-26T22:29:12.456Z;36
37;60;1;5;2022-10-26T22:29:12.456Z;2022-10-26T23:59:12.456Z;2022-10-26T22:29:12.456Z;63
7;52;4;0;2022-10-26T22:29:12.456Z;2022-10-26T23:59:12.456Z;2022-10-26T22:29:12.456Z;64
45;89;0;1;2022-10-26T22:29:12.456Z;2022-10-26T23:59:12.456Z;2022-10-26T22:29:12.456Z;38
14;53;0;3;2022-10-26T22:29:12.456Z;2022-10-26T23:59:12.456Z;2022-10-26T22:29:12.456Z;8
10;67;0;3;2022-10-26T22:29:12.456Z;2022-10-26T23:59:12.456Z;2022-10-26T22:29:12.456Z;69
30;61;0;4;2022-10-26T22:29:12.456Z;2022-10-26T23:59:12.456Z;2022-10-26T22:29:12.456Z;23
44;81;1;1;2022-10-26T22:29:12.456Z;2022-10-26T23:59:12.456Z;2022-10-26T22:29:12.456Z;11
41;80;3;0;2022-10-26T22:29:12.456Z;2022-10-26T23:59:12.456Z;2022-10-26T22:29:12.456Z;55
32;99;3;0;2022-10-26T22:29:12.456Z;2022-10-26T23:59:12.456Z;2022-10-26T22:29:12.456Z;92
24;84;4;1;2022-10-26T22:29:12.456Z;2022-10-26T23:59:12.456Z;2022-10-26T22:29:12.456Z;69
25;90;4;4;2022-10-26T22:29:12.456Z;2022-10-26T23:59:12.456Z;2022-10-26T22:29:12.456Z;2
1;99;4;3;2022-10-26T22:29:12.456Z;2022-10-26T23:59:12.456Z;2022-10-26T22:29:12.456Z;26
24;91;4;1;2022-10-26T22:29:12.456Z;2022-10-26T23:59:12.456Z;2022-10-26T22:29:12.456Z;8
9;69;3;0;2022-10-26T22:29:12.456Z;2022-10-26T23:59:12.456Z;2022-10-26T22:29:12.456Z;86
1;88;0;2;2022-10-26T22:29:12.456Z;2022-10-26T23:59:12.456Z;2022-10-26T22:29:12.456Z;96
45;95;0;1;2022-10-26T22:29:12.456Z;2022-10-26T23:59:12.456Z;2022-10-26T22:29:12.456Z;52
41;54;4;1;2022-10-26T22:29:12.456Z;2022-10-26T23:59:12.456Z;2022-10-26T22:29:12.456Z;65
7;55;4;0;2022-10-26T22:29:12.456Z;2022-10-26T23:59:12.456Z;2022-10-26T22:29:12.456Z;5
5;93;1;0;2022-10-26T22:29:12.456Z;2022-10-26T23:59:12.456Z;2022-10-26T22:29:12.456Z;25
20;89;3;5;2022-10-26T22:29:12.456Z;2022-10-26T23:59:12.456Z;2022-10-26T22:29:12.456Z;24
19;85;4;1;2022-10-26T22:29:12.456Z;2022-10-26T23:59:12.456Z;2022-10-26T22:29:12.456Z;47
24;62;0;4;2022-10-26T22:29:12.456Z;2022-10-26T23:59:12.456Z;2022-10-26T22:29:12.456Z;33
4;74;0;1;2022-10-26T22:29:12.456Z;2022-10-26T23:59:12.456Z;2022-10-26T22:29:12.456Z;94
9;63;5;1;2022-10-26T22:29:12.456Z;2022-10-26T23:59:12.456Z;2022-10-26T22:29:12.456Z;94
15;81;1;5;2022-10-26T22:29:12.456Z;2022-10-26T23:59:12.456Z;2022-10-26T22:29:12.456Z;81
50;66;1;4;2022-10-26T22:29:12.456Z;2022-10-26T23:59:12.456Z;2022-10-26T22:29:12.456Z;82
48;65;0;5;2022-10-26T22:29:12.456Z;2022-10-26T23:59:12.456Z;2022-10-26T22:29:12.456Z;81
6;69;4;4;2022-10-26T22:29:12.456Z;2022-10-26T23:59:12.456Z;2022-10-26T22:29:12.456Z;4
48;57;0;2;2022-10-26T22:29:12.456Z;2022-10-26T23:59:12.456Z;2022-10-26T22:29:12.456Z;5
25;92;3;3;2022-10-26T22:29:12.456Z;2022-10-26T23:59:12.456Z;2022-10-26T22:29:12.456Z;37
31;52;4;4;2022-10-26T22:29:12.456Z;2022-10-26T23:59:12.456Z;2022-10-26T22:29:12.456Z;27
6;67;2;1;2022-10-26T22:29:12.456Z;2022-10-26T23:59:12.456Z;2022-10-26T22:29:12.456Z;57
1;91;4;4;2022-10-26T22:29:12.456Z;2022-10-26T23:59:12.456Z;2022-10-26T22:29:12.456Z;78
33;73;1;0;2022-10-26T22:29:12.456Z;2022-10-26T23:59:12.456Z;2022-10-26T22:29:12.456Z;82
11;64;4;3;2022-10-26T22:29:12.456Z;2022-10-26T23:59:12.456Z;2022-10-26T22:29:12.456Z;58
37;60;2;0;2022-10-26T22:29:12.456Z;2022-10-26T23:59:12.456Z;2022-10-26T22:29:12.456Z;23
13;72;0;2;2022-10-26T22:29:12.456Z;2022-10-26T23:59:12.456Z;2022-10-26T22:29:12.456Z;40
47;88;3;3;2022-10-26T22:29:12.456Z;2022-10-26T23:59:12.456Z;2022-10-26T22:29:12.456Z;3
7;81;5;2;2022-10-26T22:29:12.456Z;2022-10-26T23:59:12.457Z;2022-10-26T22:29:12.457Z;20
4;61;5;1;2022-10-26T22:29:12.457Z;2022-10-26T23:59:12.457Z;2022-10-26T22:29:12.457Z;48
6;70;0;3;2022-10-26T22:29:12.457Z;2022-10-26T23:59:12.457Z;2022-10-26T22:29:12.457Z;49
12;71;1;4;2022-10-26T22:29:12.457Z;2022-10-26T23:59:12.457Z;2022-10-26T22:29:12.457Z;91
23;96;4;4;2022-10-26T22:29:12.457Z;2022-10-26T23:59:12.457Z;2022-10-26T22:29:12.457Z;40
46;75;3;5;2022-10-26T22:29:12.457Z;2022-10-26T23:59:12.457Z;2022-10-26T22:29:12.457Z;56
5;51;3;4;2022-10-26T22:29:12.457Z;2022-10-26T23:59:12.457Z;2022-10-26T22:29:12.457Z;35
19;83;5;2;2022-10-26T22:29:12.457Z;2022-10-26T23:59:12.457Z;2022-10-26T22:29:12.457Z;33
6;76;3;4;2022-10-26T22:29:12.457Z;2022-10-26T23:59:12.457Z;2022-10-26T22:29:12.457Z;97
30;91;5;4;2022-10-26T22:29:12.457Z;2022-10-26T23:59:12.457Z;2022-10-26T22:29:12.457Z;39
2;66;4;4;2022-10-26T22:29:12.457Z;2022-10-26T23:59:12.457Z;2022-10-26T22:29:12.457Z;49
25;51;5;4;2022-10-26T22:29:12.457Z;2022-10-26T23:59:12.457Z;2022-10-26T22:29:12.457Z;63
17;89;5;3;2022-10-26T22:29:12.457Z;2022-10-26T23:59:12.457Z;2022-10-26T22:29:12.457Z;57
43;51;4;3;2022-10-26T22:29:12.457Z;2022-10-26T23:59:12.457Z;2022-10-26T22:29:12.457Z;62
25;54;5;4;2022-10-26T22:29:12.457Z;2022-10-26T23:59:12.457Z;2022-10-26T22:29:12.457Z;48
31;54;5;4;2022-10-26T22:29:12.457Z;2022-10-26T23:59:12.457Z;2022-10-26T22:29:12.457Z;95
2;90;4;3;2022-10-26T22:29:12.457Z;2022-10-26T23:59:12.457Z;2022-10-26T22:29:12.457Z;19
29;98;1;1;2022-10-26T22:29:12.457Z;2022-10-26T23:59:12.457Z;2022-10-26T22:29:12.457Z;87
4;83;0;0;2022-10-26T22:29:12.457Z;2022-10-26T23:59:12.457Z;2022-10-26T22:29:12.457Z;74
15;94;2;1;2022-10-26T22:29:12.457Z;2022-10-26T23:59:12.457Z;2022-10-26T22:29:12.457Z;48
16;52;3;3;2022-10-26T22:29:12.457Z;2022-10-26T23:59:12.457Z;2022-10-26T22:29:12.457Z;5
11;70;3;0;2022-10-26T22:29:12.457Z;2022-10-26T23:59:12.457Z;2022-10-26T22:29:12.457Z;4
43;74;3;3;2022-10-26T22:29:12.457Z;2022-10-26T23:59:12.457Z;2022-10-26T22:29:12.457Z;33
47;63;5;1;2022-10-26T22:29:12.457Z;2022-10-26T23:59:12.457Z;2022-10-26T22:29:12.457Z;62
11;94;2;5;2022-10-26T22:29:12.457Z;2022-10-26T23:59:12.457Z;2022-10-26T22:29:12.457Z;76
16;90;4;5;2022-10-26T22:29:12.457Z;2022-10-26T23:59:12.457Z;2022-10-26T22:29:12.457Z;55
48;56;2;3;2022-10-26T22:29:12.457Z;2022-10-26T23:59:12.457Z;2022-10-26T22:29:12.457Z;7
10;60;0;4;2022-10-26T22:29:12.457Z;2022-10-26T23:59:12.457Z;2022-10-26T22:29:12.457Z;16
16;74;2;3;2022-10-26T22:29:12.457Z;2022-10-26T23:59:12.457Z;2022-10-26T22:29:12.457Z;97
41;54;4;2;2022-10-26T22:29:12.457Z;2022-10-26T23:59:12.457Z;2022-10-26T22:29:12.457Z;73
36;51;2;2;2022-10-26T22:29:12.457Z;2022-10-26T23:59:12.457Z;2022-10-26T22:29:12.457Z;46
40;70;0;2;2022-10-26T22:29:12.457Z;2022-10-26T23:59:12.457Z;2022-10-26T22:29:12.457Z;12
19;89;0;1;2022-10-26T22:29:12.457Z;2022-10-26T23:59:12.457Z;2022-10-26T22:29:12.457Z;20
29;83;4;0;2022-10-26T22:29:12.457Z;2022-10-26T23:59:12.457Z;2022-10-26T22:29:12.457Z;44
47;59;1;3;2022-10-26T22:29:12.457Z;2022-10-26T23:59:12.457Z;2022-10-26T22:29:12.457Z;16
38;70;3;5;2022-10-26T22:29:12.457Z;2022-10-26T23:59:12.457Z;2022-10-26T22:29:12.457Z;6
9;72;2;1;2022-10-26T22:29:12.457Z;2022-10-26T23:59:12.457Z;2022-10-26T22:29:12.457Z;52
12;85;5;2;2022-10-26T22:29:12.457Z;2022-10-26T23:59:12.457Z;2022-10-26T22:29:12.457Z;19
18;72;3;2;2022-10-26T22:29:12.457Z;2022-10-26T23:59:12.457Z;2022-10-26T22:29:12.457Z;43
24;90;1;5;2022-10-26T22:29:12.457Z;2022-10-26T23:59:12.457Z;2022-10-26T22:29:12.457Z;31
43;95;0;1;2022-10-26T22:29:12.457Z;2022-10-26T23:59:12.457Z;2022-10-26T22:29:12.457Z;5
41;84;2;5;2022-10-26T22:29:12.457Z;2022-10-26T23:59:12.457Z;2022-10-26T22:29:12.457Z;80
50;59;1;0;2022-10-26T22:29:12.457Z;2022-10-26T23:59:12.457Z;2022-10-26T22:29:12.457Z;36
19;92;0;1;2022-10-26T22:29:12.457Z;2022-10-26T23:59:12.457Z;2022-10-26T22:29:12.457Z;54
18;51;2;4;2022-10-26T22:29:12.457Z;2022-10-26T23:59:12.457Z;2022-10-26T22:29:12.457Z;66
46;76;0;3;2022-10-26T22:29:12.457Z;2022-10-26T23:59:12.457Z;2022-10-26T22:29:12.457Z;86
6;67;1;0;2022-10-26T22:29:12.457Z;2022-10-26T23:59:12.457Z;2022-10-26T22:29:12.457Z;60
42;95;1;4;2022-10-26T22:29:12.457Z;2022-10-26T23:59:12.457Z;2022-10-26T22:29:12.457Z;26
5;88;5;2;2022-10-26T22:29:12.457Z;2022-10-26T23:59:12.457Z;2022-10-26T22:29:12.457Z;100
34;67;3;1;2022-10-26T22:29:12.457Z;2022-10-26T23:59:12.457Z;2022-10-26T22:29:12.457Z;68
17;67;0;4;2022-10-26T22:29:12.457Z;2022-10-26T23:59:12.457Z;2022-10-26T22:29:12.457Z;72
37;66;5;2;2022-10-26T22:29:12.457Z;2022-10-26T23:59:12.457Z;2022-10-26T22:29:12.457Z;96
6;52;1;1;2022-10-26T22:29:12.457Z;2022-10-26T23:59:12.457Z;2022-10-26T22:29:12.457Z;42
21;50;1;4;2022-10-26T22:29:12.457Z;2022-10-26T23:59:12.457Z;2022-10-26T22:29:12.457Z;40
5;90;2;0;2022-10-26T22:29:12.457Z;2022-10-26T23:59:12.457Z;2022-10-26T22:29:12.457Z;33
12;92;5;3;2022-10-26T22:29:12.457Z;2022-10-26T23:59:12.457Z;2022-10-26T22:29:12.457Z;4
43;87;3;2;2022-10-26T22:29:12.457Z;2022-10-26T23:59:12.457Z;2022-10-26T22:29:12.457Z;58
7;79;1;3;2022-10-26T22:29:12.457Z;2022-10-26T23:59:12.457Z;2022-10-26T22:29:12.457Z;58
16;100;1;0;2022-10-26T22:29:12.457Z;2022-10-26T23:59:12.457Z;2022-10-26T22:29:12.457Z;94
37;81;0;4;2022-10-26T22:29:12.457Z;2022-10-26T23:59:12.457Z;2022-10-26T22:29:12.457Z;29
14;94;4;4;2022-10-26T22:29:12.457Z;2022-10-26T23:59:12.457Z;2022-10-26T22:29:12.457Z;3
45;98;3;2;2022-10-26T22:29:12.457Z;2022-10-26T23:59:12.457Z;2022-10-26T22:29:12.457Z;62
8;50;0;3;2022-10-26T22:29:12.457Z;2022-10-26T23:59:12.457Z;2022-10-26T22:29:12.457Z;45
17;67;0;2;2022-10-26T22:29:12.457Z;2022-10-26T23:59:12.457Z;2022-10-26T22:29:12.457Z;8
27;93;1;5;2022-10-26T22:29:12.457Z;2022-10-26T23:59:12.457Z;2022-10-26T22:29:12.457Z;92
38;53;2;0;2022-10-26T22:29:12.457Z;2022-10-26T23:59:12.457Z;2022-10-26T22:29:12.457Z;37
35;62;1;3;2022-10-26T22:29:12.457Z;2022-10-26T23:59:12.457Z;2022-10-26T22:29:12.457Z;76
3;69;2;3;2022-10-26T22:29:12.457Z;2022-10-26T23:59:12.457Z;2022-10-26T22:29:12.457Z;45
7;53;4;5;2022-10-26T22:29:12.457Z;2022-10-26T23:59:12.457Z;2022-10-26T22:29:12.457Z;33
2;76;1;4;2022-10-26T22:29:12.457Z;2022-10-26T23:59:12.457Z;2022-10-26T22:29:12.457Z;85
46;83;3;2;2022-10-26T22:29:12.457Z;2022-10-26T23:59:12.457Z;2022-10-26T22:29:12.457Z;99
45;100;2;4;2022-10-26T22:29:12.457Z;2022-10-26T23:59:12.457Z;2022-10-26T22:29:12.457Z;37
9;55;3;4;2022-10-26T22:29:12.457Z;2022-10-26T23:59:12.457Z;2022-10-26T22:29:12.457Z;34
7;62;2;5;2022-10-26T22:29:12.457Z;2022-10-26T23:59:12.457Z;2022-10-26T22:29:12.457Z;84
32;72;3;4;2022-10-26T22:29:12.457Z;2022-10-26T23:59:12.457Z;2022-10-26T22:29:12.457Z;61
30;74;2;3;2022-10-26T22:29:12.457Z;2022-10-26T23:59:12.457Z;2022-10-26T22:29:12.457Z;41
27;72;5;4;2022-10-26T22:29:12.457Z;2022-10-26T23:59:12.457Z;2022-10-26T22:29:12.457Z;5
14;62;2;3;2022-10-26T22:29:12.457Z;2022-10-26T23:59:12.457Z;2022-10-26T22:29:12.457Z;62
44;71;3;2;2022-10-26T22:29:12.457Z;2022-10-26T23:59:12.457Z;2022-10-26T22:29:12.457Z;43
41;85;3;5;2022-10-26T22:29:12.457Z;2022-10-26T23:59:12.457Z;2022-10-26T22:29:12.457Z;81
6;69;4;0;2022-10-26T22:29:12.457Z;2022-10-26T23:59:12.457Z;2022-10-26T22:29:12.457Z;92
22;52;4;0;2022-10-26T22:29:12.457Z;2022-10-26T23:59:12.457Z;2022-10-26T22:29:12.457Z;44
49;78;4;5;2022-10-26T22:29:12.457Z;2022-10-26T23:59:12.457Z;2022-10-26T22:29:12.457Z;21
15;73;0;4;2022-10-26T22:29:12.457Z;2022-10-26T23:59:12.457Z;2022-10-26T22:29:12.457Z;2
17;87;0;0;2022-10-26T22:29:12.457Z;2022-10-26T23:59:12.457Z;2022-10-26T22:29:12.457Z;81
26;54;2;0;2022-10-26T22:29:12.457Z;2022-10-26T23:59:12.457Z;2022-10-26T22:29:12.457Z;7
5;71;3;3;2022-10-26T22:29:12.457Z;2022-10-26T23:59:12.457Z;2022-10-26T22:29:12.457Z;99
27;61;1;3;2022-10-26T22:29:12.457Z;2022-10-26T23:59:12.457Z;2022-10-26T22:29:12.457Z;90
12;100;1;0;2022-10-26T22:29:12.457Z;2022-10-26T23:59:12.457Z;2022-10-26T22:29:12.457Z;95
43;96;5;4;2022-10-26T22:29:12.457Z;2022-10-26T23:59:12.457Z;2022-10-26T22:29:12.457Z;95
42;70;3;3;2022-10-26T22:29:12.457Z;2022-10-26T23:59:12.457Z;2022-10-26T22:29:12.457Z;9
2;59;3;1;2022-10-26T22:29:12.457Z;2022-10-26T23:59:12.457Z;2022-10-26T22:29:12.457Z;10
49;70;4;4;2022-10-26T22:29:12.457Z;2022-10-26T23:59:12.457Z;2022-10-26T22:29:12.457Z;35
13;53;3;3;2022-10-26T22:29:12.457Z;2022-10-26T23:59:12.457Z;2022-10-26T22:29:12.457Z;52
19;69;2;2;2022-10-26T22:29:12.457Z;2022-10-26T23:59:12.457Z;2022-10-26T22:29:12.457Z;16
39;84;4;2;2022-10-26T22:29:12.457Z;2022-10-26T23:59:12.457Z;2022-10-26T22:29:12.457Z;50
11;87;2;3;2022-10-26T22:29:12.457Z;2022-10-26T23:59:12.457Z;2022-10-26T22:29:12.457Z;52
14;54;4;2;2022-10-26T22:29:12.457Z;2022-10-26T23:59:12.457Z;2022-10-26T22:29:12.457Z;46
47;85;0;3;2022-10-26T22:29:12.457Z;2022-10-26T23:59:12.457Z;2022-10-26T22:29:12.457Z;78
1;53;0;0;2022-10-26T22:29:12.457Z;2022-10-26T23:59:12.457Z;2022-10-26T22:29:12.457Z;63
10;70;0;2;2022-10-26T22:29:12.457Z;2022-10-26T23:59:12.457Z;2022-10-26T22:29:12.457Z;15
5;52;0;2;2022-10-26T22:29:12.457Z;2022-10-26T23:59:12.457Z;2022-10-26T22:29:12.457Z;73
41;73;5;2;2022-10-26T22:29:12.457Z;2022-10-26T23:59:12.457Z;2022-10-26T22:29:12.457Z;50
48;55;4;0;2022-10-26T22:29:12.457Z;2022-10-26T23:59:12.457Z;2022-10-26T22:29:12.457Z;37
37;94;2;4;2022-10-26T22:29:12.457Z;2022-10-26T23:59:12.457Z;2022-10-26T22:29:12.457Z;91
49;88;1;4;2022-10-26T22:29:12.457Z;2022-10-26T23:59:12.457Z;2022-10-26T22:29:12.457Z;10
20;86;1;3;2022-10-26T22:29:12.457Z;2022-10-26T23:59:12.457Z;2022-10-26T22:29:12.457Z;37
31;54;4;2;2022-10-26T22:29:12.457Z;2022-10-26T23:59:12.457Z;2022-10-26T22:29:12.457Z;87
22;97;3;1;2022-10-26T22:29:12.457Z;2022-10-26T23:59:12.457Z;2022-10-26T22:29:12.457Z;89
21;91;4;1;2022-10-26T22:29:12.457Z;2022-10-26T23:59:12.457Z;2022-10-26T22:29:12.457Z;59
39;72;5;3;2022-10-26T22:29:12.457Z;2022-10-26T23:59:12.457Z;2022-10-26T22:29:12.457Z;11
19;69;4;5;2022-10-26T22:29:12.457Z;2022-10-26T23:59:12.457Z;2022-10-26T22:29:12.457Z;45
18;61;0;4;2022-10-26T22:29:12.457Z;2022-10-26T23:59:12.457Z;2022-10-26T22:29:12.457Z;76
34;61;3;4;2022-10-26T22:29:12.457Z;2022-10-26T23:59:12.457Z;2022-10-26T22:29:12.457Z;88
31;55;4;4;2022-10-26T22:29:12.457Z;2022-10-26T23:59:12.457Z;2022-10-26T22:29:12.457Z;68
14;99;3;4;2022-10-26T22:29:12.457Z;2022-10-26T23:59:12.457Z;2022-10-26T22:29:12.457Z;21
6;50;2;3;2022-10-26T22:29:12.457Z;2022-10-26T23:59:12.457Z;2022-10-26T22:29:12.457Z;19
19;65;1;4;2022-10-26T22:29:12.457Z;2022-10-26T23:59:12.457Z;2022-10-26T22:29:12.457Z;42
40;100;1;2;2022-10-26T22:29:12.457Z;2022-10-26T23:59:12.457Z;2022-10-26T22:29:12.457Z;63
30;69;1;4;2022-10-26T22:29:12.458Z;2022-10-26T23:59:12.458Z;2022-10-26T22:29:12.458Z;89
25;73;1;4;2022-10-26T22:29:12.458Z;2022-10-26T23:59:12.458Z;2022-10-26T22:29:12.458Z;98
19;72;5;3;2022-10-26T22:29:12.458Z;2022-10-26T23:59:12.458Z;2022-10-26T22:29:12.458Z;90
38;71;3;1;2022-10-26T22:29:12.458Z;2022-10-26T23:59:12.458Z;2022-10-26T22:29:12.458Z;87
4;83;3;4;2022-10-26T22:29:12.458Z;2022-10-26T23:59:12.458Z;2022-10-26T22:29:12.458Z;20
34;88;4;0;2022-10-26T22:29:12.458Z;2022-10-26T23:59:12.458Z;2022-10-26T22:29:12.458Z;69
24;62;5;2;2022-10-26T22:29:12.458Z;2022-10-26T23:59:12.458Z;2022-10-26T22:29:12.458Z;62
21;65;1;4;2022-10-26T22:29:12.458Z;2022-10-26T23:59:12.458Z;2022-10-26T22:29:12.458Z;84
47;78;3;2;2022-10-26T22:29:12.458Z;2022-10-26T23:59:12.458Z;2022-10-26T22:29:12.458Z;29
3;76;0;3;2022-10-26T22:29:12.458Z;2022-10-26T23:59:12.458Z;2022-10-26T22:29:12.458Z;47
31;88;5;1;2022-10-26T22:29:12.458Z;2022-10-26T23:59:12.458Z;2022-10-26T22:29:12.458Z;17
33;66;2;3;2022-10-26T22:29:12.458Z;2022-10-26T23:59:12.458Z;2022-10-26T22:29:12.458Z;77
30;80;0;3;2022-10-26T22:29:12.458Z;2022-10-26T23:59:12.458Z;2022-10-26T22:29:12.458Z;40
11;86;3;2;2022-10-26T22:29:12.458Z;2022-10-26T23:59:12.458Z;2022-10-26T22:29:12.458Z;80
40;73;0;4;2022-10-26T22:29:12.458Z;2022-10-26T23:59:12.458Z;2022-10-26T22:29:12.458Z;3
20;67;0;1;2022-10-26T22:29:12.458Z;2022-10-26T23:59:12.458Z;2022-10-26T22:29:12.458Z;96
26;100;5;2;2022-10-26T22:29:12.458Z;2022-10-26T23:59:12.458Z;2022-10-26T22:29:12.458Z;39
20;54;0;1;2022-10-26T22:29:12.458Z;2022-10-26T23:59:12.458Z;2022-10-26T22:29:12.458Z;50
42;69;3;2;2022-10-26T22:29:12.458Z;2022-10-26T23:59:12.458Z;2022-10-26T22:29:12.458Z;26
16;87;3;1;2022-10-26T22:29:12.458Z;2022-10-26T23:59:12.458Z;2022-10-26T22:29:12.458Z;14
42;80;5;0;2022-10-26T22:29:12.458Z;2022-10-26T23:59:12.458Z;2022-10-26T22:29:12.458Z;44
48;66;1;3;2022-10-26T22:29:12.458Z;2022-10-26T23:59:12.458Z;2022-10-26T22:29:12.458Z;34
28;81;2;0;2022-10-26T22:29:12.458Z;2022-10-26T23:59:12.458Z;2022-10-26T22:29:12.458Z;45
9;100;4;4;2022-10-26T22:29:12.458Z;2022-10-26T23:59:12.458Z;2022-10-26T22:29:12.458Z;59
5;66;1;0;2022-10-26T22:29:12.458Z;2022-10-26T23:59:12.458Z;2022-10-26T22:29:12.458Z;78
30;96;1;2;2022-10-26T22:29:12.458Z;2022-10-26T23:59:12.458Z;2022-10-26T22:29:12.458Z;87
18;67;5;5;2022-10-26T22:29:12.458Z;2022-10-26T23:59:12.458Z;2022-10-26T22:29:12.458Z;44
47;91;2;4;2022-10-26T22:29:12.458Z;2022-10-26T23:59:12.458Z;2022-10-26T22:29:12.458Z;24
46;93;1;4;2022-10-26T22:29:12.458Z;2022-10-26T23:59:12.458Z;2022-10-26T22:29:12.458Z;38
32;86;0;3;2022-10-26T22:29:12.458Z;2022-10-26T23:59:12.458Z;2022-10-26T22:29:12.458Z;61
32;75;5;1;2022-10-26T22:29:12.458Z;2022-10-26T23:59:12.458Z;2022-10-26T22:29:12.458Z;99
14;81;1;5;2022-10-26T22:29:12.458Z;2022-10-26T23:59:12.458Z;2022-10-26T22:29:12.458Z;10
36;66;2;3;2022-10-26T22:29:12.458Z;2022-10-26T23:59:12.458Z;2022-10-26T22:29:12.458Z;1
35;94;0;4;2022-10-26T22:29:12.458Z;2022-10-26T23:59:12.458Z;2022-10-26T22:29:12.458Z;24
29;74;5;3;2022-10-26T22:29:12.458Z;2022-10-26T23:59:12.458Z;2022-10-26T22:29:12.458Z;87
36;69;0;5;2022-10-26T22:29:12.458Z;2022-10-26T23:59:12.458Z;2022-10-26T22:29:12.458Z;81
43;80;1;1;2022-10-26T22:29:12.458Z;2022-10-26T23:59:12.458Z;2022-10-26T22:29:12.458Z;16
49;85;3;1;2022-10-26T22:29:12.458Z;2022-10-26T23:59:12.458Z;2022-10-26T22:29:12.458Z;19
17;56;3;2;2022-10-26T22:29:12.458Z;2022-10-26T23:59:12.458Z;2022-10-26T22:29:12.458Z;2
10;73;2;5;2022-10-26T22:29:12.458Z;2022-10-26T23:59:12.458Z;2022-10-26T22:29:12.458Z;30
17;81;1;4;2022-10-26T22:29:12.458Z;2022-10-26T23:59:12.458Z;2022-10-26T22:29:12.458Z;33
27;100;5;1;2022-10-26T22:29:12.458Z;2022-10-26T23:59:12.458Z;2022-10-26T22:29:12.458Z;39
41;71;0;2;2022-10-26T22:29:12.458Z;2022-10-26T23:59:12.458Z;2022-10-26T22:29:12.458Z;66
18;73;0;4;2022-10-26T22:29:12.458Z;2022-10-26T23:59:12.458Z;2022-10-26T22:29:12.458Z;73
33;78;2;5;2022-10-26T22:29:12.458Z;2022-10-26T23:59:12.458Z;2022-10-26T22:29:12.458Z;32
46;96;3;1;2022-10-26T22:29:12.458Z;2022-10-26T23:59:12.458Z;2022-10-26T22:29:12.458Z;100
19;77;2;1;2022-10-26T22:29:12.458Z;2022-10-26T23:59:12.458Z;2022-10-26T22:29:12.458Z;59
22;74;4;2;2022-10-26T22:29:12.458Z;2022-10-26T23:59:12.458Z;2022-10-26T22:29:12.458Z;80
18;86;3;3;2022-10-26T22:29:12.458Z;2022-10-26T23:59:12.458Z;2022-10-26T22:29:12.458Z;35
11;52;5;3;2022-10-26T22:29:12.458Z;2022-10-26T23:59:12.458Z;2022-10-26T22:29:12.458Z;25
14;81;4;1;2022-10-26T22:29:12.458Z;2022-10-26T23:59:12.458Z;2022-10-26T22:29:12.458Z;60
27;82;4;0;2022-10-26T22:29:12.458Z;2022-10-26T23:59:12.458Z;2022-10-26T22:29:12.458Z;23
22;79;1;3;2022-10-26T22:29:12.458Z;2022-10-26T23:59:12.458Z;2022-10-26T22:29:12.458Z;14
17;58;0;4;2022-10-26T22:29:12.458Z;2022-10-26T23:59:12.458Z;2022-10-26T22:29:12.458Z;86
4;90;3;0;2022-10-26T22:29:12.458Z;2022-10-26T23:59:12.458Z;2022-10-26T22:29:12.458Z;12
48;86;4;4;2022-10-26T22:29:12.458Z;2022-10-26T23:59:12.458Z;2022-10-26T22:29:12.458Z;32
5;52;4;5;2022-10-26T22:29:12.458Z;2022-10-26T23:59:12.458Z;2022-10-26T22:29:12.458Z;88
24;88;3;0;2022-10-26T22:29:12.458Z;2022-10-26T23:59:12.458Z;2022-10-26T22:29:12.458Z;1
48;73;1;4;2022-10-26T22:29:12.458Z;2022-10-26T23:59:12.458Z;2022-10-26T22:29:12.458Z;82
23;91;5;5;2022-10-26T22:29:12.458Z;2022-10-26T23:59:12.458Z;2022-10-26T22:29:12.458Z;83
49;95;5;4;2022-10-26T22:29:12.458Z;2022-10-26T23:59:12.458Z;2022-10-26T22:29:12.458Z;10
4;71;0;1;2022-10-26T22:29:12.458Z;2022-10-26T23:59:12.458Z;2022-10-26T22:29:12.458Z;38
33;91;3;4;2022-10-26T22:29:12.458Z;2022-10-26T23:59:12.458Z;2022-10-26T22:29:12.458Z;61
20;99;1;1;2022-10-26T22:29:12.458Z;2022-10-26T23:59:12.458Z;2022-10-26T22:29:12.458Z;54
19;83;2;4;2022-10-26T22:29:12.458Z;2022-10-26T23:59:12.458Z;2022-10-26T22:29:12.458Z;46
2;97;5;4;2022-10-26T22:29:12.458Z;2022-10-26T23:59:12.458Z;2022-10-26T22:29:12.458Z;21
39;79;3;0;2022-10-26T22:29:12.458Z;2022-10-26T23:59:12.458Z;2022-10-26T22:29:12.458Z;80
43;71;4;5;2022-10-26T22:29:12.458Z;2022-10-26T23:59:12.458Z;2022-10-26T22:29:12.458Z;58
45;72;3;4;2022-10-26T22:29:12.458Z;2022-10-26T23:59:12.458Z;2022-10-26T22:29:12.458Z;76
46;59;4;5;2022-10-26T22:29:12.458Z;2022-10-26T23:59:12.458Z;2022-10-26T22:29:12.458Z;39
19;53;1;5;2022-10-26T22:29:12.458Z;2022-10-26T23:59:12.458Z;2022-10-26T22:29:12.458Z;44
23;84;5;1;2022-10-26T22:29:12.458Z;2022-10-26T23:59:12.458Z;2022-10-26T22:29:12.458Z;44
48;68;4;1;2022-10-26T22:29:12.458Z;2022-10-26T23:59:12.458Z;2022-10-26T22:29:12.458Z;45
23;92;0;5;2022-10-26T22:29:12.458Z;2022-10-26T23:59:12.458Z;2022-10-26T22:29:12.458Z;97
45;57;2;4;2022-10-26T22:29:12.458Z;2022-10-26T23:59:12.458Z;2022-10-26T22:29:12.458Z;97
50;88;5;2;2022-10-26T22:29:12.458Z;2022-10-26T23:59:12.458Z;2022-10-26T22:29:12.458Z;53
12;56;2;0;2022-10-26T22:29:12.458Z;2022-10-26T23:59:12.458Z;2022-10-26T22:29:12.458Z;85
21;76;4;0;2022-10-26T22:29:12.458Z;2022-10-26T23:59:12.458Z;2022-10-26T22:29:12.458Z;10
16;82;1;0;2022-10-26T22:29:12.458Z;2022-10-26T23:59:12.458Z;2022-10-26T22:29:12.458Z;5
24;96;3;3;2022-10-26T22:29:12.458Z;2022-10-26T23:59:12.458Z;2022-10-26T22:29:12.458Z;96
36;79;5;3;2022-10-26T22:29:12.458Z;2022-10-26T23:59:12.458Z;2022-10-26T22:29:12.458Z;76
27;67;0;4;2022-10-26T22:29:12.458Z;2022-10-26T23:59:12.458Z;2022-10-26T22:29:12.458Z;27
44;72;1;4;2022-10-26T22:29:12.458Z;2022-10-26T23:59:12.458Z;2022-10-26T22:29:12.458Z;32
50;51;3;3;2022-10-26T22:29:12.458Z;2022-10-26T23:59:12.458Z;2022-10-26T22:29:12.458Z;77
25;99;0;0;2022-10-26T22:29:12.458Z;2022-10-26T23:59:12.458Z;2022-10-26T22:29:12.458Z;52
41;79;4;2;2022-10-26T22:29:12.458Z;2022-10-26T23:59:12.458Z;2022-10-26T22:29:12.458Z;86
39;98;5;1;2022-10-26T22:29:12.458Z;2022-10-26T23:59:12.458Z;2022-10-26T22:29:12.458Z;92
13;90;3;1;2022-10-26T22:29:12.458Z;2022-10-26T23:59:12.458Z;2022-10-26T22:29:12.458Z;85
9;58;3;1;2022-10-26T22:29:12.458Z;2022-10-26T23:59:12.458Z;2022-10-26T22:29:12.458Z;38
48;89;5;5;2022-10-26T22:29:12.458Z;2022-10-26T23:59:12.458Z;2022-10-26T22:29:12.458Z;9
49;100;3;1;2022-10-26T22:29:12.458Z;2022-10-26T23:59:12.458Z;2022-10-26T22:29:12.458Z;86
5;93;1;3;2022-10-26T22:29:12.458Z;2022-10-26T23:59:12.458Z;2022-10-26T22:29:12.458Z;62
41;58;3;5;2022-10-26T22:29:12.458Z;2022-10-26T23:59:12.458Z;2022-10-26T22:29:12.458Z;49
35;93;3;0;2022-10-26T22:29:12.458Z;2022-10-26T23:59:12.458Z;2022-10-26T22:29:12.458Z;31
46;76;5;0;2022-10-26T22:29:12.458Z;2022-10-26T23:59:12.458Z;2022-10-26T22:29:12.458Z;85
21;96;5;1;2022-10-26T22:29:12.458Z;2022-10-26T23:59:12.458Z;2022-10-26T22:29:12.458Z;86
30;78;1;4;2022-10-26T22:29:12.458Z;2022-10-26T23:59:12.458Z;2022-10-26T22:29:12.458Z;75
32;64;4;4;2022-10-26T22:29:12.458Z;2022-10-26T23:59:12.458Z;2022-10-26T22:29:12.458Z;29
21;62;3;4;2022-10-26T22:29:12.458Z;2022-10-26T23:59:12.458Z;2022-10-26T22:29:12.458Z;9
1;59;0;1;2022-10-26T22:29:12.458Z;2022-10-26T23:59:12.458Z;2022-10-26T22:29:12.458Z;9
6;61;2;1;2022-10-26T22:29:12.458Z;2022-10-26T23:59:12.458Z;2022-10-26T22:29:12.458Z;14
48;57;2;4;2022-10-26T22:29:12.458Z;2022-10-26T23:59:12.458Z;2022-10-26T22:29:12.458Z;56
38;67;5;4;2022-10-26T22:29:12.458Z;2022-10-26T23:59:12.458Z;2022-10-26T22:29:12.458Z;49
27;91;4;1;2022-10-26T22:29:12.458Z;2022-10-26T23:59:12.459Z;2022-10-26T22:29:12.459Z;74
32;97;1;1;2022-10-26T22:29:12.459Z;2022-10-26T23:59:12.459Z;2022-10-26T22:29:12.459Z;30
29;98;0;4;2022-10-26T22:29:12.459Z;2022-10-26T23:59:12.459Z;2022-10-26T22:29:12.459Z;51
46;68;2;3;2022-10-26T22:29:12.459Z;2022-10-26T23:59:12.459Z;2022-10-26T22:29:12.459Z;52
13;83;2;0;2022-10-26T22:29:12.459Z;2022-10-26T23:59:12.459Z;2022-10-26T22:29:12.459Z;74
50;57;2;2;2022-10-26T22:29:12.459Z;2022-10-26T23:59:12.459Z;2022-10-26T22:29:12.459Z;32
36;85;3;0;2022-10-26T22:29:12.459Z;2022-10-26T23:59:12.459Z;2022-10-26T22:29:12.459Z;43
36;80;5;1;2022-10-26T22:29:12.459Z;2022-10-26T23:59:12.459Z;2022-10-26T22:29:12.459Z;78
32;74;3;3;2022-10-26T22:29:12.459Z;2022-10-26T23:59:12.459Z;2022-10-26T22:29:12.459Z;47
41;87;5;3;2022-10-26T22:29:12.459Z;2022-10-26T23:59:12.459Z;2022-10-26T22:29:12.459Z;17
44;77;0;5;2022-10-26T22:29:12.459Z;2022-10-26T23:59:12.459Z;2022-10-26T22:29:12.459Z;79
4;55;5;1;2022-10-26T22:29:12.459Z;2022-10-26T23:59:12.459Z;2022-10-26T22:29:12.459Z;85
16;78;1;0;2022-10-26T22:29:12.459Z;2022-10-26T23:59:12.459Z;2022-10-26T22:29:12.459Z;68
29;89;2;0;2022-10-26T22:29:12.459Z;2022-10-26T23:59:12.459Z;2022-10-26T22:29:12.459Z;43
48;86;2;3;2022-10-26T22:29:12.459Z;2022-10-26T23:59:12.459Z;2022-10-26T22:29:12.459Z;76
15;77;1;3;2022-10-26T22:29:12.459Z;2022-10-26T23:59:12.459Z;2022-10-26T22:29:12.459Z;45
26;55;4;2;2022-10-26T22:29:12.459Z;2022-10-26T23:59:12.459Z;2022-10-26T22:29:12.459Z;2
9;59;0;4;2022-10-26T22:29:12.459Z;2022-10-26T23:59:12.459Z;2022-10-26T22:29:12.459Z;45
45;99;5;0;2022-10-26T22:29:12.459Z;2022-10-26T23:59:12.459Z;2022-10-26T22:29:12.459Z;64
49;94;1;1;2022-10-26T22:29:12.459Z;2022-10-26T23:59:12.459Z;2022-10-26T22:29:12.459Z;73
47;94;1;4;2022-10-26T22:29:12.459Z;2022-10-26T23:59:12.459Z;2022-10-26T22:29:12.459Z;18
8;88;3;2;2022-10-26T22:29:12.459Z;2022-10-26T23:59:12.459Z;2022-10-26T22:29:12.459Z;48
15;83;4;4;2022-10-26T22:29:12.459Z;2022-10-26T23:59:12.459Z;2022-10-26T22:29:12.459Z;13
13;54;1;1;2022-10-26T22:29:12.459Z;2022-10-26T23:59:12.459Z;2022-10-26T22:29:12.459Z;86
44;75;0;0;2022-10-26T22:29:12.459Z;2022-10-26T23:59:12.459Z;2022-10-26T22:29:12.459Z;31
9;64;4;3;2022-10-26T22:29:12.459Z;2022-10-26T23:59:12.459Z;2022-10-26T22:29:12.459Z;57
22;53;1;2;2022-10-26T22:29:12.459Z;2022-10-26T23:59:12.459Z;2022-10-26T22:29:12.459Z;81
8;85;5;4;2022-10-26T22:29:12.459Z;2022-10-26T23:59:12.459Z;2022-10-26T22:29:12.459Z;27
20;71;4;4;2022-10-26T22:29:12.459Z;2022-10-26T23:59:12.459Z;2022-10-26T22:29:12.459Z;73
50;71;0;1;2022-10-26T22:29:12.459Z;2022-10-26T23:59:12.459Z;2022-10-26T22:29:12.459Z;48
47;94;5;5;2022-10-26T22:29:12.459Z;2022-10-26T23:59:12.459Z;2022-10-26T22:29:12.459Z;90
34;78;2;2;2022-10-26T22:29:12.459Z;2022-10-26T23:59:12.459Z;2022-10-26T22:29:12.459Z;29
40;94;4;2;2022-10-26T22:29:12.459Z;2022-10-26T23:59:12.459Z;2022-10-26T22:29:12.459Z;8
16;71;0;2;2022-10-26T22:29:12.459Z;2022-10-26T23:59:12.459Z;2022-10-26T22:29:12.459Z;77
43;85;0;1;2022-10-26T22:29:12.459Z;2022-10-26T23:59:12.459Z;2022-10-26T22:29:12.459Z;36
1;74;2;3;2022-10-26T22:29:12.459Z;2022-10-26T23:59:12.459Z;2022-10-26T22:29:12.459Z;15
43;57;0;4;2022-10-26T22:29:12.459Z;2022-10-26T23:59:12.459Z;2022-10-26T22:29:12.459Z;64
22;71;2;0;2022-10-26T22:29:12.459Z;2022-10-26T23:59:12.459Z;2022-10-26T22:29:12.459Z;70
40;55;5;4;2022-10-26T22:29:12.459Z;2022-10-26T23:59:12.459Z;2022-10-26T22:29:12.459Z;4
26;79;2;1;2022-10-26T22:29:12.459Z;2022-10-26T23:59:12.459Z;2022-10-26T22:29:12.459Z;79
27;100;4;1;2022-10-26T22:29:12.459Z;2022-10-26T23:59:12.459Z;2022-10-26T22:29:12.459Z;8
6;99;4;1;2022-10-26T22:29:12.459Z;2022-10-26T23:59:12.459Z;2022-10-26T22:29:12.459Z;47
20;70;4;2;2022-10-26T22:29:12.459Z;2022-10-26T23:59:12.459Z;2022-10-26T22:29:12.459Z;62
2;55;2;4;2022-10-26T22:29:12.459Z;2022-10-26T23:59:12.459Z;2022-10-26T22:29:12.459Z;62
46;78;2;4;2022-10-26T22:29:12.459Z;2022-10-26T23:59:12.459Z;2022-10-26T22:29:12.459Z;84
44;53;2;5;2022-10-26T22:29:12.459Z;2022-10-26T23:59:12.459Z;2022-10-26T22:29:12.459Z;95
23;64;0;0;2022-10-26T22:29:12.459Z;2022-10-26T23:59:12.459Z;2022-10-26T22:29:12.459Z;95
17;67;2;4;2022-10-26T22:29:12.459Z;2022-10-26T23:59:12.459Z;2022-10-26T22:29:12.459Z;93
33;71;1;5;2022-10-26T22:29:12.459Z;2022-10-26T23:59:12.459Z;2022-10-26T22:29:12.459Z;55
44;65;0;4;2022-10-26T22:29:12.459Z;2022-10-26T23:59:12.459Z;2022-10-26T22:29:12.459Z;33
47;84;5;4;2022-10-26T22:29:12.459Z;2022-10-26T23:59:12.459Z;2022-10-26T22:29:12.459Z;79
38;60;0;4;2022-10-26T22:29:12.459Z;2022-10-26T23:59:12.459Z;2022-10-26T22:29:12.459Z;48
42;97;3;0;2022-10-26T22:29:12.459Z;2022-10-26T23:59:12.459Z;2022-10-26T22:29:12.459Z;14
3;75;4;1;2022-10-26T22:29:12.459Z;2022-10-26T23:59:12.459Z;2022-10-26T22:29:12.459Z;15
19;73;2;2;2022-10-26T22:29:12.459Z;2022-10-26T23:59:12.459Z;2022-10-26T22:29:12.459Z;1
42;52;0;0;2022-10-26T22:29:12.459Z;2022-10-26T23:59:12.459Z;2022-10-26T22:29:12.459Z;73
17;94;2;1;2022-10-26T22:29:12.459Z;2022-10-26T23:59:12.459Z;2022-10-26T22:29:12.459Z;90
13;77;4;3;2022-10-26T22:29:12.459Z;2022-10-26T23:59:12.459Z;2022-10-26T22:29:12.459Z;64
10;61;0;3;2022-10-26T22:29:12.459Z;2022-10-26T23:59:12.459Z;2022-10-26T22:29:12.459Z;42
39;55;5;0;2022-10-26T22:29:12.459Z;2022-10-26T23:59:12.459Z;2022-10-26T22:29:12.459Z;19
14;77;2;3;2022-10-26T22:29:12.459Z;2022-10-26T23:59:12.459Z;2022-10-26T22:29:12.459Z;7
23;69;5;1;2022-10-26T22:29:12.459Z;2022-10-26T23:59:12.459Z;2022-10-26T22:29:12.459Z;20
38;78;3;4;2022-10-26T22:29:12.459Z;2022-10-26T23:59:12.459Z;2022-10-26T22:29:12.459Z;47
18;87;3;1;2022-10-26T22:29:12.459Z;2022-10-26T23:59:12.459Z;2022-10-26T22:29:12.459Z;38
48;89;1;2;2022-10-26T22:29:12.459Z;2022-10-26T23:59:12.459Z;2022-10-26T22:29:12.459Z;97
27;81;5;0;2022-10-26T22:29:12.459Z;2022-10-26T23:59:12.459Z;2022-10-26T22:29:12.459Z;36
32;74;2;1;2022-10-26T22:29:12.459Z;2022-10-26T23:59:12.459Z;2022-10-26T22:29:12.459Z;50
4;76;1;0;2022-10-26T22:29:12.459Z;2022-10-26T23:59:12.459Z;2022-10-26T22:29:12.459Z;92
31;100;4;3;2022-10-26T22:29:12.459Z;2022-10-26T23:59:12.459Z;2022-10-26T22:29:12.459Z;20
49;94;4;0;2022-10-26T22:29:12.459Z;2022-10-26T23:59:12.459Z;2022-10-26T22:29:12.459Z;11
38;88;5;4;2022-10-26T22:29:12.459Z;2022-10-26T23:59:12.459Z;2022-10-26T22:29:12.459Z;49
1;50;4;1;2022-10-26T22:29:12.459Z;2022-10-26T23:59:12.459Z;2022-10-26T22:29:12.459Z;13
45;52;4;0;2022-10-26T22:29:12.459Z;2022-10-26T23:59:12.459Z;2022-10-26T22:29:12.459Z;61
6;60;4;0;2022-10-26T22:29:12.459Z;2022-10-26T23:59:12.459Z;2022-10-26T22:29:12.459Z;66
4;81;5;5;2022-10-26T22:29:12.459Z;2022-10-26T23:59:12.459Z;2022-10-26T22:29:12.459Z;3
30;99;4;4;2022-10-26T22:29:12.459Z;2022-10-26T23:59:12.459Z;2022-10-26T22:29:12.459Z;6
18;87;1;4;2022-10-26T22:29:12.459Z;2022-10-26T23:59:12.459Z;2022-10-26T22:29:12.459Z;98
14;77;0;1;2022-10-26T22:29:12.459Z;2022-10-26T23:59:12.459Z;2022-10-26T22:29:12.459Z;1
22;64;2;5;2022-10-26T22:29:12.459Z;2022-10-26T23:59:12.459Z;2022-10-26T22:29:12.459Z;79
15;55;3;5;2022-10-26T22:29:12.459Z;2022-10-26T23:59:12.459Z;2022-10-26T22:29:12.459Z;56
37;98;1;3;2022-10-26T22:29:12.459Z;2022-10-26T23:59:12.459Z;2022-10-26T22:29:12.459Z;54
34;67;0;0;2022-10-26T22:29:12.459Z;2022-10-26T23:59:12.459Z;2022-10-26T22:29:12.459Z;83
40;92;2;0;2022-10-26T22:29:12.459Z;2022-10-26T23:59:12.459Z;2022-10-26T22:29:12.459Z;60
28;63;1;5;2022-10-26T22:29:12.459Z;2022-10-26T23:59:12.459Z;2022-10-26T22:29:12.459Z;45
12;53;4;3;2022-10-26T22:29:12.459Z;2022-10-26T23:59:12.459Z;2022-10-26T22:29:12.459Z;15
29;95;0;2;2022-10-26T22:29:12.459Z;2022-10-26T23:59:12.459Z;2022-10-26T22:29:12.459Z;62
19;80;3;1;2022-10-26T22:29:12.459Z;2022-10-26T23:59:12.459Z;2022-10-26T22:29:12.459Z;88
10;73;4;2;2022-10-26T22:29:12.459Z;2022-10-26T23:59:12.459Z;2022-10-26T22:29:12.459Z;85
23;51;3;1;2022-10-26T22:29:12.459Z;2022-10-26T23:59:12.459Z;2022-10-26T22:29:12.459Z;54
18;64;1;0;2022-10-26T22:29:12.459Z;2022-10-26T23:59:12.459Z;2022-10-26T22:29:12.459Z;31
27;75;3;3;2022-10-26T22:29:12.459Z;2022-10-26T23:59:12.459Z;2022-10-26T22:29:12.459Z;79
43;69;0;0;2022-10-26T22:29:12.459Z;2022-10-26T23:59:12.459Z;2022-10-26T22:29:12.459Z;55
15;58;1;5;2022-10-26T22:29:12.459Z;2022-10-26T23:59:12.459Z;2022-10-26T22:29:12.459Z;61
49;71;0;4;2022-10-26T22:29:12.459Z;2022-10-26T23:59:12.459Z;2022-10-26T22:29:12.459Z;82
48;51;1;4;2022-10-26T22:29:12.459Z;2022-10-26T23:59:12.459Z;2022-10-26T22:29:12.459Z;100
47;57;2;5;2022-10-26T22:29:12.459Z;2022-10-26T23:59:12.459Z;2022-10-26T22:29:12.459Z;30
44;83;4;1;2022-10-26T22:29:12.459Z;2022-10-26T23:59:12.459Z;2022-10-26T22:29:12.459Z;63
40;99;1;3;2022-10-26T22:29:12.459Z;2022-10-26T23:59:12.459Z;2022-10-26T22:29:12.459Z;74
12;73;5;1;2022-10-26T22:29:12.459Z;2022-10-26T23:59:12.459Z;2022-10-26T22:29:12.459Z;95
44;50;4;4;2022-10-26T22:29:12.459Z;2022-10-26T23:59:12.459Z;2022-10-26T22:29:12.459Z;79
48;72;1;2;2022-10-26T22:29:12.459Z;2022-10-26T23:59:12.459Z;2022-10-26T22:29:12.459Z;73
6;74;2;0;2022-10-26T22:29:12.459Z;2022-10-26T23:59:12.459Z;2022-10-26T22:29:12.459Z;92
5;72;3;0;2022-10-26T22:29:12.459Z;2022-10-26T23:59:12.459Z;2022-10-26T22:29:12.459Z;78
13;74;2;2;2022-10-26T22:29:12.459Z;2022-10-26T23:59:12.459Z;2022-10-26T22:29:12.459Z;84
27;88;1;0;2022-10-26T22:29:12.459Z;2022-10-26T23:59:12.459Z;2022-10-26T22:29:12.459Z;38
32;54;3;5;2022-10-26T22:29:12.459Z;2022-10-26T23:59:12.459Z;2022-10-26T22:29:12.459Z;83
49;75;0;2;2022-10-26T22:29:12.459Z;2022-10-26T23:59:12.459Z;2022-10-26T22:29:12.459Z;81
39;88;2;4;2022-10-26T22:29:12.459Z;2022-10-26T23:59:12.459Z;2022-10-26T22:29:12.459Z;12
2;83;2;2;2022-10-26T22:29:12.459Z;2022-10-26T23:59:12.459Z;2022-10-26T22:29:12.459Z;39
41;94;1;5;2022-10-26T22:29:12.459Z;2022-10-26T23:59:12.459Z;2022-10-26T22:29:12.459Z;66
46;69;2;0;2022-10-26T22:29:12.459Z;2022-10-26T23:59:12.459Z;2022-10-26T22:29:12.459Z;93
19;79;0;1;2022-10-26T22:29:12.459Z;2022-10-26T23:59:12.459Z;2022-10-26T22:29:12.459Z;45
2;74;0;4;2022-10-26T22:29:12.459Z;2022-10-26T23:59:12.459Z;2022-10-26T22:29:12.459Z;16
16;73;5;5;2022-10-26T22:29:12.459Z;2022-10-26T23:59:12.459Z;2022-10-26T22:29:12.460Z;99
9;50;1;3;2022-10-26T22:29:12.460Z;2022-10-26T23:59:12.460Z;2022-10-26T22:29:12.460Z;100
43;97;0;2;2022-10-26T22:29:12.460Z;2022-10-26T23:59:12.460Z;2022-10-26T22:29:12.460Z;90
4;84;1;0;2022-10-26T22:29:12.460Z;2022-10-26T23:59:12.460Z;2022-10-26T22:29:12.460Z;27
29;58;5;4;2022-10-26T22:29:12.460Z;2022-10-26T23:59:12.460Z;2022-10-26T22:29:12.460Z;37
47;65;1;1;2022-10-26T22:29:12.460Z;2022-10-26T23:59:12.460Z;2022-10-26T22:29:12.460Z;81
2;99;3;4;2022-10-26T22:29:12.460Z;2022-10-26T23:59:12.460Z;2022-10-26T22:29:12.460Z;16
37;83;0;1;2022-10-26T22:29:12.460Z;2022-10-26T23:59:12.460Z;2022-10-26T22:29:12.460Z;99
17;74;4;0;2022-10-26T22:29:12.460Z;2022-10-26T23:59:12.460Z;2022-10-26T22:29:12.460Z;36
22;60;2;0;2022-10-26T22:29:12.460Z;2022-10-26T23:59:12.460Z;2022-10-26T22:29:12.460Z;15
32;57;1;4;2022-10-26T22:29:12.460Z;2022-10-26T23:59:12.460Z;2022-10-26T22:29:12.460Z;45
17;51;5;2;2022-10-26T22:29:12.460Z;2022-10-26T23:59:12.460Z;2022-10-26T22:29:12.460Z;58
23;72;3;0;2022-10-26T22:29:12.460Z;2022-10-26T23:59:12.460Z;2022-10-26T22:29:12.460Z;42
21;56;2;2;2022-10-26T22:29:12.460Z;2022-10-26T23:59:12.460Z;2022-10-26T22:29:12.460Z;18
30;51;0;2;2022-10-26T22:29:12.460Z;2022-10-26T23:59:12.460Z;2022-10-26T22:29:12.460Z;60
3;59;4;3;2022-10-26T22:29:12.460Z;2022-10-26T23:59:12.460Z;2022-10-26T22:29:12.460Z;88
41;85;4;4;2022-10-26T22:29:12.460Z;2022-10-26T23:59:12.460Z;2022-10-26T22:29:12.460Z;58
19;68;1;4;2022-10-26T22:29:12.460Z;2022-10-26T23:59:12.460Z;2022-10-26T22:29:12.460Z;1
27;87;1;5;2022-10-26T22:29:12.460Z;2022-10-26T23:59:12.460Z;2022-10-26T22:29:12.460Z;17
21;80;3;3;2022-10-26T22:29:12.460Z;2022-10-26T23:59:12.460Z;2022-10-26T22:29:12.460Z;13
12;100;1;5;2022-10-26T22:29:12.460Z;2022-10-26T23:59:12.460Z;2022-10-26T22:29:12.460Z;40
17;58;0;3;2022-10-26T22:29:12.460Z;2022-10-26T23:59:12.460Z;2022-10-26T22:29:12.460Z;79
41;93;5;2;2022-10-26T22:29:12.460Z;2022-10-26T23:59:12.460Z;2022-10-26T22:29:12.460Z;71
7;83;0;5;2022-10-26T22:29:12.460Z;2022-10-26T23:59:12.460Z;2022-10-26T22:29:12.460Z;34
11;57;2;3;2022-10-26T22:29:12.460Z;2022-10-26T23:59:12.460Z;2022-10-26T22:29:12.460Z;73
22;60;1;4;2022-10-26T22:29:12.460Z;2022-10-26T23:59:12.460Z;2022-10-26T22:29:12.460Z;2
49;81;4;3;2022-10-26T22:29:12.460Z;2022-10-26T23:59:12.460Z;2022-10-26T22:29:12.460Z;74
25;54;4;0;2022-10-26T22:29:12.460Z;2022-10-26T23:59:12.460Z;2022-10-26T22:29:12.460Z;98
14;75;1;1;2022-10-26T22:29:12.460Z;2022-10-26T23:59:12.460Z;2022-10-26T22:29:12.460Z;46
27;79;4;3;2022-10-26T22:29:12.460Z;2022-10-26T23:59:12.460Z;2022-10-26T22:29:12.460Z;91
23;51;4;3;2022-10-26T22:29:12.460Z;2022-10-26T23:59:12.460Z;2022-10-26T22:29:12.460Z;22
47;95;5;0;2022-10-26T22:29:12.460Z;2022-10-26T23:59:12.460Z;2022-10-26T22:29:12.460Z;44
49;62;4;2;2022-10-26T22:29:12.460Z;2022-10-26T23:59:12.460Z;2022-10-26T22:29:12.460Z;82
20;85;2;3;2022-10-26T22:29:12.460Z;2022-10-26T23:59:12.460Z;2022-10-26T22:29:12.460Z;56
14;79;0;3;2022-10-26T22:29:12.460Z;2022-10-26T23:59:12.460Z;2022-10-26T22:29:12.460Z;3
10;66;5;2;2022-10-26T22:29:12.460Z;2022-10-26T23:59:12.460Z;2022-10-26T22:29:12.460Z;48
31;52;5;5;2022-10-26T22:29:12.460Z;2022-10-26T23:59:12.460Z;2022-10-26T22:29:12.460Z;65
8;61;2;0;2022-10-26T22:29:12.460Z;2022-10-26T23:59:12.460Z;2022-10-26T22:29:12.460Z;60
38;88;1;4;2022-10-26T22:29:12.460Z;2022-10-26T23:59:12.460Z;2022-10-26T22:29:12.460Z;71
48;65;4;5;2022-10-26T22:29:12.460Z;2022-10-26T23:59:12.460Z;2022-10-26T22:29:12.460Z;42
50;88;4;1;2022-10-26T22:29:12.460Z;2022-10-26T23:59:12.460Z;2022-10-26T22:29:12.460Z;5
3;74;3;2;2022-10-26T22:29:12.460Z;2022-10-26T23:59:12.460Z;2022-10-26T22:29:12.460Z;12
47;83;2;3;2022-10-26T22:29:12.460Z;2022-10-26T23:59:12.460Z;2022-10-26T22:29:12.460Z;68
49;56;5;1;2022-10-26T22:29:12.460Z;2022-10-26T23:59:12.460Z;2022-10-26T22:29:12.460Z;94
12;88;2;4;2022-10-26T22:29:12.460Z;2022-10-26T23:59:12.460Z;2022-10-26T22:29:12.460Z;1
43;76;5;1;2022-10-26T22:29:12.460Z;2022-10-26T23:59:12.460Z;2022-10-26T22:29:12.460Z;68
42;97;1;5;2022-10-26T22:29:12.460Z;2022-10-26T23:59:12.460Z;2022-10-26T22:29:12.460Z;16
4;55;2;0;2022-10-26T22:29:12.460Z;2022-10-26T23:59:12.460Z;2022-10-26T22:29:12.460Z;98
44;79;0;0;2022-10-26T22:29:12.460Z;2022-10-26T23:59:12.460Z;2022-10-26T22:29:12.460Z;3
15;75;2;1;2022-10-26T22:29:12.460Z;2022-10-26T23:59:12.460Z;2022-10-26T22:29:12.460Z;65
44;74;0;4;2022-10-26T22:29:12.460Z;2022-10-26T23:59:12.460Z;2022-10-26T22:29:12.460Z;57
45;100;4;1;2022-10-26T22:29:12.460Z;2022-10-26T23:59:12.460Z;2022-10-26T22:29:12.460Z;70
39;66;2;4;2022-10-26T22:29:12.460Z;2022-10-26T23:59:12.460Z;2022-10-26T22:29:12.460Z;5
1;57;5;0;2022-10-26T22:29:12.460Z;2022-10-26T23:59:12.460Z;2022-10-26T22:29:12.460Z;18
9;57;0;5;2022-10-26T22:29:12.460Z;2022-10-26T23:59:12.460Z;2022-10-26T22:29:12.460Z;84
13;64;0;1;2022-10-26T22:29:12.460Z;2022-10-26T23:59:12.460Z;2022-10-26T22:29:12.460Z;56
8;99;3;1;2022-10-26T22:29:12.460Z;2022-10-26T23:59:12.460Z;2022-10-26T22:29:12.460Z;4
20;97;0;3;2022-10-26T22:29:12.460Z;2022-10-26T23:59:12.460Z;2022-10-26T22:29:12.460Z;52
12;90;1;4;2022-10-26T22:29:12.460Z;2022-10-26T23:59:12.460Z;2022-10-26T22:29:12.460Z;56
25;74;0;0;2022-10-26T22:29:12.460Z;2022-10-26T23:59:12.460Z;2022-10-26T22:29:12.460Z;2
30;88;0;1;2022-10-26T22:29:12.460Z;2022-10-26T23:59:12.460Z;2022-10-26T22:29:12.460Z;70
6;60;0;2;2022-10-26T22:29:12.460Z;2022-10-26T23:59:12.460Z;2022-10-26T22:29:12.460Z;21
46;71;0;0;2022-10-26T22:29:12.460Z;2022-10-26T23:59:12.460Z;2022-10-26T22:29:12.460Z;38
20;56;5;3;2022-10-26T22:29:12.460Z;2022-10-26T23:59:12.460Z;2022-10-26T22:29:12.460Z;97
16;54;5;3;2022-10-26T22:29:12.460Z;2022-10-26T23:59:12.460Z;2022-10-26T22:29:12.460Z;16
23;51;2;5;2022-10-26T22:29:12.460Z;2022-10-26T23:59:12.460Z;2022-10-26T22:29:12.460Z;22
10;88;4;5;2022-10-26T22:29:12.460Z;2022-10-26T23:59:12.460Z;2022-10-26T22:29:12.460Z;12
33;95;0;3;2022-10-26T22:29:12.460Z;2022-10-26T23:59:12.460Z;2022-10-26T22:29:12.460Z;21
20;77;1;4;2022-10-26T22:29:12.460Z;2022-10-26T23:59:12.460Z;2022-10-26T22:29:12.460Z;58
9;95;1;4;2022-10-26T22:29:12.460Z;2022-10-26T23:59:12.460Z;2022-10-26T22:29:12.460Z;51
48;58;1;2;2022-10-26T22:29:12.460Z;2022-10-26T23:59:12.460Z;2022-10-26T22:29:12.460Z;100
14;76;4;0;2022-10-26T22:29:12.460Z;2022-10-26T23:59:12.460Z;2022-10-26T22:29:12.460Z;97
44;99;2;0;2022-10-26T22:29:12.460Z;2022-10-26T23:59:12.460Z;2022-10-26T22:29:12.460Z;55
46;50;2;3;2022-10-26T22:29:12.460Z;2022-10-26T23:59:12.460Z;2022-10-26T22:29:12.460Z;78
4;100;4;3;2022-10-26T22:29:12.460Z;2022-10-26T23:59:12.460Z;2022-10-26T22:29:12.460Z;67
3;86;3;5;2022-10-26T22:29:12.460Z;2022-10-26T23:59:12.460Z;2022-10-26T22:29:12.460Z;16
9;76;3;1;2022-10-26T22:29:12.460Z;2022-10-26T23:59:12.460Z;2022-10-26T22:29:12.460Z;23
32;81;4;0;2022-10-26T22:29:12.460Z;2022-10-26T23:59:12.460Z;2022-10-26T22:29:12.460Z;81
16;58;1;1;2022-10-26T22:29:12.460Z;2022-10-26T23:59:12.460Z;2022-10-26T22:29:12.460Z;83
50;71;2;0;2022-10-26T22:29:12.460Z;2022-10-26T23:59:12.460Z;2022-10-26T22:29:12.460Z;33
4;96;4;5;2022-10-26T22:29:12.460Z;2022-10-26T23:59:12.460Z;2022-10-26T22:29:12.460Z;89
36;80;2;0;2022-10-26T22:29:12.460Z;2022-10-26T23:59:12.460Z;2022-10-26T22:29:12.460Z;83
30;95;3;1;2022-10-26T22:29:12.460Z;2022-10-26T23:59:12.460Z;2022-10-26T22:29:12.460Z;41
4;89;0;0;2022-10-26T22:29:12.460Z;2022-10-26T23:59:12.460Z;2022-10-26T22:29:12.460Z;91
37;52;0;1;2022-10-26T22:29:12.460Z;2022-10-26T23:59:12.460Z;2022-10-26T22:29:12.460Z;63
2;86;2;4;2022-10-26T22:29:12.460Z;2022-10-26T23:59:12.460Z;2022-10-26T22:29:12.460Z;98
42;97;5;5;2022-10-26T22:29:12.460Z;2022-10-26T23:59:12.460Z;2022-10-26T22:29:12.460Z;77
27;92;5;2;2022-10-26T22:29:12.460Z;2022-10-26T23:59:12.460Z;2022-10-26T22:29:12.460Z;56
35;76;2;3;2022-10-26T22:29:12.460Z;2022-10-26T23:59:12.460Z;2022-10-26T22:29:12.460Z;34
22;98;1;5;2022-10-26T22:29:12.460Z;2022-10-26T23:59:12.460Z;2022-10-26T22:29:12.460Z;76
34;90;1;2;2022-10-26T22:29:12.460Z;2022-10-26T23:59:12.460Z;2022-10-26T22:29:12.460Z;100
50;85;0;1;2022-10-26T22:29:12.460Z;2022-10-26T23:59:12.460Z;2022-10-26T22:29:12.460Z;42
49;50;3;2;2022-10-26T22:29:12.460Z;2022-10-26T23:59:12.460Z;2022-10-26T22:29:12.460Z;7
32;61;2;5;2022-10-26T22:29:12.460Z;2022-10-26T23:59:12.460Z;2022-10-26T22:29:12.460Z;76
31;70;2;4;2022-10-26T22:29:12.460Z;2022-10-26T23:59:12.460Z;2022-10-26T22:29:12.460Z;55
35;76;1;0;2022-10-26T22:29:12.460Z;2022-10-26T23:59:12.460Z;2022-10-26T22:29:12.460Z;71
4;94;2;3;2022-10-26T22:29:12.460Z;2022-10-26T23:59:12.460Z;2022-10-26T22:29:12.460Z;17
8;85;1;4;2022-10-26T22:29:12.460Z;2022-10-26T23:59:12.460Z;2022-10-26T22:29:12.460Z;58
13;92;1;0;2022-10-26T22:29:12.460Z;2022-10-26T23:59:12.460Z;2022-10-26T22:29:12.460Z;75
31;78;1;2;2022-10-26T22:29:12.460Z;2022-10-26T23:59:12.460Z;2022-10-26T22:29:12.460Z;24
44;60;5;4;2022-10-26T22:29:12.460Z;2022-10-26T23:59:12.460Z;2022-10-26T22:29:12.460Z;34
11;60;1;2;2022-10-26T22:29:12.460Z;2022-10-26T23:59:12.460Z;2022-10-26T22:29:12.460Z;18
11;98;2;0;2022-10-26T22:29:12.460Z;2022-10-26T23:59:12.460Z;2022-10-26T22:29:12.460Z;94
9;96;2;0;2022-10-26T22:29:12.460Z;2022-10-26T23:59:12.460Z;2022-10-26T22:29:12.460Z;50
29;54;5;4;2022-10-26T22:29:12.460Z;2022-10-26T23:59:12.460Z;2022-10-26T22:29:12.460Z;13
14;50;3;4;2022-10-26T22:29:12.460Z;2022-10-26T23:59:12.460Z;2022-10-26T22:29:12.460Z;8
11;83;0;4;2022-10-26T22:29:12.460Z;2022-10-26T23:59:12.460Z;2022-10-26T22:29:12.460Z;13
15;92;0;4;2022-10-26T22:29:12.460Z;2022-10-26T23:59:12.460Z;2022-10-26T22:29:12.460Z;57
50;89;5;1;2022-10-26T22:29:12.460Z;2022-10-26T23:59:12.461Z;2022-10-26T22:29:12.461Z;37
2;82;2;3;2022-10-26T22:29:12.461Z;2022-10-26T23:59:12.461Z;2022-10-26T22:29:12.461Z;78
16;50;5;5;2022-10-26T22:29:12.461Z;2022-10-26T23:59:12.461Z;2022-10-26T22:29:12.461Z;38
18;65;2;4;2022-10-26T22:29:12.461Z;2022-10-26T23:59:12.461Z;2022-10-26T22:29:12.461Z;20
19;74;0;1;2022-10-26T22:29:12.461Z;2022-10-26T23:59:12.461Z;2022-10-26T22:29:12.461Z;34
15;55;3;0;2022-10-26T22:29:12.461Z;2022-10-26T23:59:12.461Z;2022-10-26T22:29:12.461Z;21
6;92;3;4;2022-10-26T22:29:12.461Z;2022-10-26T23:59:12.461Z;2022-10-26T22:29:12.461Z;60
27;58;0;2;2022-10-26T22:29:12.461Z;2022-10-26T23:59:12.461Z;2022-10-26T22:29:12.461Z;93
22;91;1;4;2022-10-26T22:29:12.461Z;2022-10-26T23:59:12.461Z;2022-10-26T22:29:12.461Z;76
49;50;1;0;2022-10-26T22:29:12.461Z;2022-10-26T23:59:12.461Z;2022-10-26T22:29:12.461Z;59
24;69;3;4;2022-10-26T22:29:12.461Z;2022-10-26T23:59:12.461Z;2022-10-26T22:29:12.461Z;55
26;53;3;2;2022-10-26T22:29:12.461Z;2022-10-26T23:59:12.461Z;2022-10-26T22:29:12.461Z;17
39;99;4;4;2022-10-26T22:29:12.461Z;2022-10-26T23:59:12.461Z;2022-10-26T22:29:12.461Z;30
37;82;3;2;2022-10-26T22:29:12.461Z;2022-10-26T23:59:12.461Z;2022-10-26T22:29:12.461Z;67
23;81;4;5;2022-10-26T22:29:12.461Z;2022-10-26T23:59:12.461Z;2022-10-26T22:29:12.461Z;52
9;94;1;0;2022-10-26T22:29:12.461Z;2022-10-26T23:59:12.461Z;2022-10-26T22:29:12.461Z;20
14;64;1;3;2022-10-26T22:29:12.461Z;2022-10-26T23:59:12.461Z;2022-10-26T22:29:12.461Z;82
23;92;4;4;2022-10-26T22:29:12.461Z;2022-10-26T23:59:12.461Z;2022-10-26T22:29:12.461Z;52
8;60;1;4;2022-10-26T22:29:12.461Z;2022-10-26T23:59:12.461Z;2022-10-26T22:29:12.461Z;3
3;78;2;5;2022-10-26T22:29:12.461Z;2022-10-26T23:59:12.461Z;2022-10-26T22:29:12.461Z;89
46;59;2;5;2022-10-26T22:29:12.461Z;2022-10-26T23:59:12.461Z;2022-10-26T22:29:12.461Z;18
5;92;4;5;2022-10-26T22:29:12.461Z;2022-10-26T23:59:12.461Z;2022-10-26T22:29:12.461Z;74
22;81;5;1;2022-10-26T22:29:12.461Z;2022-10-26T23:59:12.461Z;2022-10-26T22:29:12.461Z;24
49;51;5;1;2022-10-26T22:29:12.461Z;2022-10-26T23:59:12.461Z;2022-10-26T22:29:12.461Z;100
12;93;4;1;2022-10-26T22:29:12.461Z;2022-10-26T23:59:12.461Z;2022-10-26T22:29:12.461Z;90
14;54;0;0;2022-10-26T22:29:12.461Z;2022-10-26T23:59:12.461Z;2022-10-26T22:29:12.461Z;69
17;70;3;5;2022-10-26T22:29:12.461Z;2022-10-26T23:59:12.461Z;2022-10-26T22:29:12.461Z;21
48;74;4;4;2022-10-26T22:29:12.461Z;2022-10-26T23:59:12.461Z;2022-10-26T22:29:12.461Z;35
19;64;0;4;2022-10-26T22:29:12.461Z;2022-10-26T23:59:12.461Z;2022-10-26T22:29:12.461Z;56
19;64;1;5;2022-10-26T22:29:12.461Z;2022-10-26T23:59:12.461Z;2022-10-26T22:29:12.461Z;32
23;83;2;5;2022-10-26T22:29:12.461Z;2022-10-26T23:59:12.461Z;2022-10-26T22:29:12.461Z;40
15;93;5;2;2022-10-26T22:29:12.461Z;2022-10-26T23:59:12.461Z;2022-10-26T22:29:12.461Z;50
7;96;0;0;2022-10-26T22:29:12.461Z;2022-10-26T23:59:12.461Z;2022-10-26T22:29:12.461Z;18